--
-- PostgreSQL database dump
--

\restrict 5vdgKTE0z9XMAEg91JFTVjGsJPdmaTVLX1TmNamdYshBR5u07dGahH1z2zH417w

-- Dumped from database version 18.3 (Debian 18.3-1.pgdg12+1)
-- Dumped by pg_dump version 18.3

SET statement_timeout = 0;
SET lock_timeout = 0;
SET idle_in_transaction_session_timeout = 0;
SET transaction_timeout = 0;
SET client_encoding = 'UTF8';
SET standard_conforming_strings = on;
SELECT pg_catalog.set_config('search_path', '', false);
SET check_function_bodies = false;
SET xmloption = content;
SET client_min_messages = warning;
SET row_security = off;

--
-- Name: public; Type: SCHEMA; Schema: -; Owner: kabsueats_user
--

-- *not* creating schema, since initdb creates it


ALTER SCHEMA public OWNER TO kabsueats_user;

SET default_tablespace = '';

SET default_table_access_method = heap;

--
-- Name: auth_group; Type: TABLE; Schema: public; Owner: kabsueats_user
--

CREATE TABLE public.auth_group (
    id integer NOT NULL,
    name character varying(150) NOT NULL
);


ALTER TABLE public.auth_group OWNER TO kabsueats_user;

--
-- Name: auth_group_id_seq; Type: SEQUENCE; Schema: public; Owner: kabsueats_user
--

ALTER TABLE public.auth_group ALTER COLUMN id ADD GENERATED BY DEFAULT AS IDENTITY (
    SEQUENCE NAME public.auth_group_id_seq
    START WITH 1
    INCREMENT BY 1
    NO MINVALUE
    NO MAXVALUE
    CACHE 1
);


--
-- Name: auth_group_permissions; Type: TABLE; Schema: public; Owner: kabsueats_user
--

CREATE TABLE public.auth_group_permissions (
    id bigint NOT NULL,
    group_id integer NOT NULL,
    permission_id integer NOT NULL
);


ALTER TABLE public.auth_group_permissions OWNER TO kabsueats_user;

--
-- Name: auth_group_permissions_id_seq; Type: SEQUENCE; Schema: public; Owner: kabsueats_user
--

ALTER TABLE public.auth_group_permissions ALTER COLUMN id ADD GENERATED BY DEFAULT AS IDENTITY (
    SEQUENCE NAME public.auth_group_permissions_id_seq
    START WITH 1
    INCREMENT BY 1
    NO MINVALUE
    NO MAXVALUE
    CACHE 1
);


--
-- Name: auth_permission; Type: TABLE; Schema: public; Owner: kabsueats_user
--

CREATE TABLE public.auth_permission (
    id integer NOT NULL,
    name character varying(255) NOT NULL,
    content_type_id integer NOT NULL,
    codename character varying(100) NOT NULL
);


ALTER TABLE public.auth_permission OWNER TO kabsueats_user;

--
-- Name: auth_permission_id_seq; Type: SEQUENCE; Schema: public; Owner: kabsueats_user
--

ALTER TABLE public.auth_permission ALTER COLUMN id ADD GENERATED BY DEFAULT AS IDENTITY (
    SEQUENCE NAME public.auth_permission_id_seq
    START WITH 1
    INCREMENT BY 1
    NO MINVALUE
    NO MAXVALUE
    CACHE 1
);


--
-- Name: auth_user; Type: TABLE; Schema: public; Owner: kabsueats_user
--

CREATE TABLE public.auth_user (
    id integer NOT NULL,
    password character varying(128) NOT NULL,
    last_login timestamp with time zone,
    is_superuser boolean NOT NULL,
    username character varying(150) NOT NULL,
    first_name character varying(150) NOT NULL,
    last_name character varying(150) NOT NULL,
    email character varying(254) NOT NULL,
    is_staff boolean NOT NULL,
    is_active boolean NOT NULL,
    date_joined timestamp with time zone NOT NULL
);


ALTER TABLE public.auth_user OWNER TO kabsueats_user;

--
-- Name: auth_user_groups; Type: TABLE; Schema: public; Owner: kabsueats_user
--

CREATE TABLE public.auth_user_groups (
    id bigint NOT NULL,
    user_id integer NOT NULL,
    group_id integer NOT NULL
);


ALTER TABLE public.auth_user_groups OWNER TO kabsueats_user;

--
-- Name: auth_user_groups_id_seq; Type: SEQUENCE; Schema: public; Owner: kabsueats_user
--

ALTER TABLE public.auth_user_groups ALTER COLUMN id ADD GENERATED BY DEFAULT AS IDENTITY (
    SEQUENCE NAME public.auth_user_groups_id_seq
    START WITH 1
    INCREMENT BY 1
    NO MINVALUE
    NO MAXVALUE
    CACHE 1
);


--
-- Name: auth_user_id_seq; Type: SEQUENCE; Schema: public; Owner: kabsueats_user
--

ALTER TABLE public.auth_user ALTER COLUMN id ADD GENERATED BY DEFAULT AS IDENTITY (
    SEQUENCE NAME public.auth_user_id_seq
    START WITH 1
    INCREMENT BY 1
    NO MINVALUE
    NO MAXVALUE
    CACHE 1
);


--
-- Name: auth_user_user_permissions; Type: TABLE; Schema: public; Owner: kabsueats_user
--

CREATE TABLE public.auth_user_user_permissions (
    id bigint NOT NULL,
    user_id integer NOT NULL,
    permission_id integer NOT NULL
);


ALTER TABLE public.auth_user_user_permissions OWNER TO kabsueats_user;

--
-- Name: auth_user_user_permissions_id_seq; Type: SEQUENCE; Schema: public; Owner: kabsueats_user
--

ALTER TABLE public.auth_user_user_permissions ALTER COLUMN id ADD GENERATED BY DEFAULT AS IDENTITY (
    SEQUENCE NAME public.auth_user_user_permissions_id_seq
    START WITH 1
    INCREMENT BY 1
    NO MINVALUE
    NO MAXVALUE
    CACHE 1
);


--
-- Name: django_admin_log; Type: TABLE; Schema: public; Owner: kabsueats_user
--

CREATE TABLE public.django_admin_log (
    id integer NOT NULL,
    action_time timestamp with time zone NOT NULL,
    object_id text,
    object_repr character varying(200) NOT NULL,
    action_flag smallint NOT NULL,
    change_message text NOT NULL,
    content_type_id integer,
    user_id integer NOT NULL,
    CONSTRAINT django_admin_log_action_flag_check CHECK ((action_flag >= 0))
);


ALTER TABLE public.django_admin_log OWNER TO kabsueats_user;

--
-- Name: django_admin_log_id_seq; Type: SEQUENCE; Schema: public; Owner: kabsueats_user
--

ALTER TABLE public.django_admin_log ALTER COLUMN id ADD GENERATED BY DEFAULT AS IDENTITY (
    SEQUENCE NAME public.django_admin_log_id_seq
    START WITH 1
    INCREMENT BY 1
    NO MINVALUE
    NO MAXVALUE
    CACHE 1
);


--
-- Name: django_content_type; Type: TABLE; Schema: public; Owner: kabsueats_user
--

CREATE TABLE public.django_content_type (
    id integer NOT NULL,
    app_label character varying(100) NOT NULL,
    model character varying(100) NOT NULL
);


ALTER TABLE public.django_content_type OWNER TO kabsueats_user;

--
-- Name: django_content_type_id_seq; Type: SEQUENCE; Schema: public; Owner: kabsueats_user
--

ALTER TABLE public.django_content_type ALTER COLUMN id ADD GENERATED BY DEFAULT AS IDENTITY (
    SEQUENCE NAME public.django_content_type_id_seq
    START WITH 1
    INCREMENT BY 1
    NO MINVALUE
    NO MAXVALUE
    CACHE 1
);


--
-- Name: django_migrations; Type: TABLE; Schema: public; Owner: kabsueats_user
--

CREATE TABLE public.django_migrations (
    id bigint NOT NULL,
    app character varying(255) NOT NULL,
    name character varying(255) NOT NULL,
    applied timestamp with time zone NOT NULL
);


ALTER TABLE public.django_migrations OWNER TO kabsueats_user;

--
-- Name: django_migrations_id_seq; Type: SEQUENCE; Schema: public; Owner: kabsueats_user
--

ALTER TABLE public.django_migrations ALTER COLUMN id ADD GENERATED BY DEFAULT AS IDENTITY (
    SEQUENCE NAME public.django_migrations_id_seq
    START WITH 1
    INCREMENT BY 1
    NO MINVALUE
    NO MAXVALUE
    CACHE 1
);


--
-- Name: django_session; Type: TABLE; Schema: public; Owner: kabsueats_user
--

CREATE TABLE public.django_session (
    session_key character varying(40) NOT NULL,
    session_data text NOT NULL,
    expire_date timestamp with time zone NOT NULL
);


ALTER TABLE public.django_session OWNER TO kabsueats_user;

--
-- Name: webapp_amenity; Type: TABLE; Schema: public; Owner: kabsueats_user
--

CREATE TABLE public.webapp_amenity (
    id bigint NOT NULL,
    name character varying(100) NOT NULL
);


ALTER TABLE public.webapp_amenity OWNER TO kabsueats_user;

--
-- Name: webapp_amenity_id_seq; Type: SEQUENCE; Schema: public; Owner: kabsueats_user
--

ALTER TABLE public.webapp_amenity ALTER COLUMN id ADD GENERATED BY DEFAULT AS IDENTITY (
    SEQUENCE NAME public.webapp_amenity_id_seq
    START WITH 1
    INCREMENT BY 1
    NO MINVALUE
    NO MAXVALUE
    CACHE 1
);


--
-- Name: webapp_businesshours; Type: TABLE; Schema: public; Owner: kabsueats_user
--

CREATE TABLE public.webapp_businesshours (
    id bigint NOT NULL,
    day_of_week integer NOT NULL,
    opening_time time without time zone,
    closing_time time without time zone,
    is_closed boolean NOT NULL,
    establishment_id bigint NOT NULL
);


ALTER TABLE public.webapp_businesshours OWNER TO kabsueats_user;

--
-- Name: webapp_businesshours_id_seq; Type: SEQUENCE; Schema: public; Owner: kabsueats_user
--

ALTER TABLE public.webapp_businesshours ALTER COLUMN id ADD GENERATED BY DEFAULT AS IDENTITY (
    SEQUENCE NAME public.webapp_businesshours_id_seq
    START WITH 1
    INCREMENT BY 1
    NO MINVALUE
    NO MAXVALUE
    CACHE 1
);


--
-- Name: webapp_cart; Type: TABLE; Schema: public; Owner: kabsueats_user
--

CREATE TABLE public.webapp_cart (
    id bigint NOT NULL,
    created_at timestamp with time zone NOT NULL,
    updated_at timestamp with time zone NOT NULL,
    user_id integer NOT NULL
);


ALTER TABLE public.webapp_cart OWNER TO kabsueats_user;

--
-- Name: webapp_cart_id_seq; Type: SEQUENCE; Schema: public; Owner: kabsueats_user
--

ALTER TABLE public.webapp_cart ALTER COLUMN id ADD GENERATED BY DEFAULT AS IDENTITY (
    SEQUENCE NAME public.webapp_cart_id_seq
    START WITH 1
    INCREMENT BY 1
    NO MINVALUE
    NO MAXVALUE
    CACHE 1
);


--
-- Name: webapp_cartitem; Type: TABLE; Schema: public; Owner: kabsueats_user
--

CREATE TABLE public.webapp_cartitem (
    id bigint NOT NULL,
    quantity integer NOT NULL,
    added_at timestamp with time zone NOT NULL,
    cart_id bigint NOT NULL,
    menu_item_id bigint NOT NULL,
    CONSTRAINT webapp_cartitem_quantity_check CHECK ((quantity >= 0))
);


ALTER TABLE public.webapp_cartitem OWNER TO kabsueats_user;

--
-- Name: webapp_cartitem_id_seq; Type: SEQUENCE; Schema: public; Owner: kabsueats_user
--

ALTER TABLE public.webapp_cartitem ALTER COLUMN id ADD GENERATED BY DEFAULT AS IDENTITY (
    SEQUENCE NAME public.webapp_cartitem_id_seq
    START WITH 1
    INCREMENT BY 1
    NO MINVALUE
    NO MAXVALUE
    CACHE 1
);


--
-- Name: webapp_category; Type: TABLE; Schema: public; Owner: kabsueats_user
--

CREATE TABLE public.webapp_category (
    id bigint NOT NULL,
    name character varying(100) NOT NULL
);


ALTER TABLE public.webapp_category OWNER TO kabsueats_user;

--
-- Name: webapp_category_id_seq; Type: SEQUENCE; Schema: public; Owner: kabsueats_user
--

ALTER TABLE public.webapp_category ALTER COLUMN id ADD GENERATED BY DEFAULT AS IDENTITY (
    SEQUENCE NAME public.webapp_category_id_seq
    START WITH 1
    INCREMENT BY 1
    NO MINVALUE
    NO MAXVALUE
    CACHE 1
);


--
-- Name: webapp_chatroom; Type: TABLE; Schema: public; Owner: kabsueats_user
--

CREATE TABLE public.webapp_chatroom (
    id bigint NOT NULL,
    created_at timestamp with time zone NOT NULL,
    updated_at timestamp with time zone NOT NULL,
    customer_unread_count integer NOT NULL,
    owner_unread_count integer NOT NULL,
    customer_id integer NOT NULL,
    establishment_id bigint NOT NULL
);


ALTER TABLE public.webapp_chatroom OWNER TO kabsueats_user;

--
-- Name: webapp_chatroom_id_seq; Type: SEQUENCE; Schema: public; Owner: kabsueats_user
--

ALTER TABLE public.webapp_chatroom ALTER COLUMN id ADD GENERATED BY DEFAULT AS IDENTITY (
    SEQUENCE NAME public.webapp_chatroom_id_seq
    START WITH 1
    INCREMENT BY 1
    NO MINVALUE
    NO MAXVALUE
    CACHE 1
);


--
-- Name: webapp_day; Type: TABLE; Schema: public; Owner: kabsueats_user
--

CREATE TABLE public.webapp_day (
    id bigint NOT NULL,
    name character varying(20) NOT NULL
);


ALTER TABLE public.webapp_day OWNER TO kabsueats_user;

--
-- Name: webapp_day_id_seq; Type: SEQUENCE; Schema: public; Owner: kabsueats_user
--

ALTER TABLE public.webapp_day ALTER COLUMN id ADD GENERATED BY DEFAULT AS IDENTITY (
    SEQUENCE NAME public.webapp_day_id_seq
    START WITH 1
    INCREMENT BY 1
    NO MINVALUE
    NO MAXVALUE
    CACHE 1
);


--
-- Name: webapp_establishmentcontactlink; Type: TABLE; Schema: public; Owner: kabsueats_user
--

CREATE TABLE public.webapp_establishmentcontactlink (
    id bigint NOT NULL,
    label character varying(50) NOT NULL,
    value character varying(500) NOT NULL,
    "order" smallint NOT NULL,
    establishment_id bigint NOT NULL,
    CONSTRAINT webapp_establishmentcontactlink_order_check CHECK (("order" >= 0))
);


ALTER TABLE public.webapp_establishmentcontactlink OWNER TO kabsueats_user;

--
-- Name: webapp_establishmentcontactlink_id_seq; Type: SEQUENCE; Schema: public; Owner: kabsueats_user
--

ALTER TABLE public.webapp_establishmentcontactlink ALTER COLUMN id ADD GENERATED BY DEFAULT AS IDENTITY (
    SEQUENCE NAME public.webapp_establishmentcontactlink_id_seq
    START WITH 1
    INCREMENT BY 1
    NO MINVALUE
    NO MAXVALUE
    CACHE 1
);


--
-- Name: webapp_favoriteestablishment; Type: TABLE; Schema: public; Owner: kabsueats_user
--

CREATE TABLE public.webapp_favoriteestablishment (
    id bigint NOT NULL,
    created_at timestamp with time zone NOT NULL,
    establishment_id bigint NOT NULL,
    user_id integer NOT NULL
);


ALTER TABLE public.webapp_favoriteestablishment OWNER TO kabsueats_user;

--
-- Name: webapp_favoriteestablishment_id_seq; Type: SEQUENCE; Schema: public; Owner: kabsueats_user
--

ALTER TABLE public.webapp_favoriteestablishment ALTER COLUMN id ADD GENERATED BY DEFAULT AS IDENTITY (
    SEQUENCE NAME public.webapp_favoriteestablishment_id_seq
    START WITH 1
    INCREMENT BY 1
    NO MINVALUE
    NO MAXVALUE
    CACHE 1
);


--
-- Name: webapp_favoritemenuitem; Type: TABLE; Schema: public; Owner: kabsueats_user
--

CREATE TABLE public.webapp_favoritemenuitem (
    id bigint NOT NULL,
    created_at timestamp with time zone NOT NULL,
    menu_item_id bigint NOT NULL,
    user_id integer NOT NULL
);


ALTER TABLE public.webapp_favoritemenuitem OWNER TO kabsueats_user;

--
-- Name: webapp_favoritemenuitem_id_seq; Type: SEQUENCE; Schema: public; Owner: kabsueats_user
--

ALTER TABLE public.webapp_favoritemenuitem ALTER COLUMN id ADD GENERATED BY DEFAULT AS IDENTITY (
    SEQUENCE NAME public.webapp_favoritemenuitem_id_seq
    START WITH 1
    INCREMENT BY 1
    NO MINVALUE
    NO MAXVALUE
    CACHE 1
);


--
-- Name: webapp_feature; Type: TABLE; Schema: public; Owner: kabsueats_user
--

CREATE TABLE public.webapp_feature (
    id bigint NOT NULL,
    name character varying(100) NOT NULL
);


ALTER TABLE public.webapp_feature OWNER TO kabsueats_user;

--
-- Name: webapp_feature_id_seq; Type: SEQUENCE; Schema: public; Owner: kabsueats_user
--

ALTER TABLE public.webapp_feature ALTER COLUMN id ADD GENERATED BY DEFAULT AS IDENTITY (
    SEQUENCE NAME public.webapp_feature_id_seq
    START WITH 1
    INCREMENT BY 1
    NO MINVALUE
    NO MAXVALUE
    CACHE 1
);


--
-- Name: webapp_foodestablishment; Type: TABLE; Schema: public; Owner: kabsueats_user
--

CREATE TABLE public.webapp_foodestablishment (
    id bigint NOT NULL,
    is_approved boolean NOT NULL,
    name character varying(255) NOT NULL,
    address text NOT NULL,
    opening_time time without time zone,
    closing_time time without time zone,
    image character varying(100),
    other_category character varying(200),
    other_amenity character varying(200),
    latitude double precision,
    longitude double precision,
    payment_methods character varying(255),
    created_at timestamp with time zone,
    updated_at timestamp with time zone NOT NULL,
    owner_id integer NOT NULL,
    is_active boolean NOT NULL
);


ALTER TABLE public.webapp_foodestablishment OWNER TO kabsueats_user;

--
-- Name: webapp_foodestablishment_amenities; Type: TABLE; Schema: public; Owner: kabsueats_user
--

CREATE TABLE public.webapp_foodestablishment_amenities (
    id bigint NOT NULL,
    foodestablishment_id bigint CONSTRAINT webapp_foodestablishment_amenitie_foodestablishment_id_not_null NOT NULL,
    amenity_id bigint NOT NULL
);


ALTER TABLE public.webapp_foodestablishment_amenities OWNER TO kabsueats_user;

--
-- Name: webapp_foodestablishment_amenities_id_seq; Type: SEQUENCE; Schema: public; Owner: kabsueats_user
--

ALTER TABLE public.webapp_foodestablishment_amenities ALTER COLUMN id ADD GENERATED BY DEFAULT AS IDENTITY (
    SEQUENCE NAME public.webapp_foodestablishment_amenities_id_seq
    START WITH 1
    INCREMENT BY 1
    NO MINVALUE
    NO MAXVALUE
    CACHE 1
);


--
-- Name: webapp_foodestablishment_categories; Type: TABLE; Schema: public; Owner: kabsueats_user
--

CREATE TABLE public.webapp_foodestablishment_categories (
    id bigint NOT NULL,
    foodestablishment_id bigint CONSTRAINT webapp_foodestablishment_categori_foodestablishment_id_not_null NOT NULL,
    category_id bigint NOT NULL
);


ALTER TABLE public.webapp_foodestablishment_categories OWNER TO kabsueats_user;

--
-- Name: webapp_foodestablishment_categories_id_seq; Type: SEQUENCE; Schema: public; Owner: kabsueats_user
--

ALTER TABLE public.webapp_foodestablishment_categories ALTER COLUMN id ADD GENERATED BY DEFAULT AS IDENTITY (
    SEQUENCE NAME public.webapp_foodestablishment_categories_id_seq
    START WITH 1
    INCREMENT BY 1
    NO MINVALUE
    NO MAXVALUE
    CACHE 1
);


--
-- Name: webapp_foodestablishment_id_seq; Type: SEQUENCE; Schema: public; Owner: kabsueats_user
--

ALTER TABLE public.webapp_foodestablishment ALTER COLUMN id ADD GENERATED BY DEFAULT AS IDENTITY (
    SEQUENCE NAME public.webapp_foodestablishment_id_seq
    START WITH 1
    INCREMENT BY 1
    NO MINVALUE
    NO MAXVALUE
    CACHE 1
);


--
-- Name: webapp_invitationcode; Type: TABLE; Schema: public; Owner: kabsueats_user
--

CREATE TABLE public.webapp_invitationcode (
    id bigint NOT NULL,
    code character varying(12) NOT NULL,
    is_used boolean NOT NULL,
    created_at timestamp with time zone NOT NULL,
    used_by_id bigint
);


ALTER TABLE public.webapp_invitationcode OWNER TO kabsueats_user;

--
-- Name: webapp_invitationcode_id_seq; Type: SEQUENCE; Schema: public; Owner: kabsueats_user
--

ALTER TABLE public.webapp_invitationcode ALTER COLUMN id ADD GENERATED BY DEFAULT AS IDENTITY (
    SEQUENCE NAME public.webapp_invitationcode_id_seq
    START WITH 1
    INCREMENT BY 1
    NO MINVALUE
    NO MAXVALUE
    CACHE 1
);


--
-- Name: webapp_menuitem; Type: TABLE; Schema: public; Owner: kabsueats_user
--

CREATE TABLE public.webapp_menuitem (
    id bigint NOT NULL,
    name character varying(100) NOT NULL,
    description text NOT NULL,
    price numeric(8,2) NOT NULL,
    image character varying(100),
    quantity integer NOT NULL,
    is_top_seller boolean NOT NULL,
    top_seller_marked_at timestamp with time zone,
    created_at timestamp with time zone NOT NULL,
    updated_at timestamp with time zone NOT NULL,
    food_establishment_id bigint NOT NULL,
    CONSTRAINT webapp_menuitem_quantity_check CHECK ((quantity >= 0))
);


ALTER TABLE public.webapp_menuitem OWNER TO kabsueats_user;

--
-- Name: webapp_menuitem_id_seq; Type: SEQUENCE; Schema: public; Owner: kabsueats_user
--

ALTER TABLE public.webapp_menuitem ALTER COLUMN id ADD GENERATED BY DEFAULT AS IDENTITY (
    SEQUENCE NAME public.webapp_menuitem_id_seq
    START WITH 1
    INCREMENT BY 1
    NO MINVALUE
    NO MAXVALUE
    CACHE 1
);


--
-- Name: webapp_message; Type: TABLE; Schema: public; Owner: kabsueats_user
--

CREATE TABLE public.webapp_message (
    id bigint NOT NULL,
    content text NOT NULL,
    is_read boolean NOT NULL,
    created_at timestamp with time zone NOT NULL,
    is_hidden_for_sender boolean NOT NULL,
    chat_room_id bigint NOT NULL,
    sender_id integer NOT NULL
);


ALTER TABLE public.webapp_message OWNER TO kabsueats_user;

--
-- Name: webapp_message_id_seq; Type: SEQUENCE; Schema: public; Owner: kabsueats_user
--

ALTER TABLE public.webapp_message ALTER COLUMN id ADD GENERATED BY DEFAULT AS IDENTITY (
    SEQUENCE NAME public.webapp_message_id_seq
    START WITH 1
    INCREMENT BY 1
    NO MINVALUE
    NO MAXVALUE
    CACHE 1
);


--
-- Name: webapp_order; Type: TABLE; Schema: public; Owner: kabsueats_user
--

CREATE TABLE public.webapp_order (
    id bigint NOT NULL,
    status character varying(50) NOT NULL,
    total_amount numeric(10,2) NOT NULL,
    gcash_reference_number character varying(100),
    gcash_payment_method character varying(50) NOT NULL,
    payment_confirmed_at timestamp with time zone,
    paymongo_checkout_id character varying(100),
    created_at timestamp with time zone NOT NULL,
    updated_at timestamp with time zone NOT NULL,
    establishment_id bigint NOT NULL,
    user_id integer NOT NULL,
    stock_deducted boolean NOT NULL,
    cancelled_from_status character varying(20) NOT NULL,
    owner_dismissed boolean NOT NULL,
    cancel_reason text NOT NULL
);


ALTER TABLE public.webapp_order OWNER TO kabsueats_user;

--
-- Name: webapp_order_id_seq; Type: SEQUENCE; Schema: public; Owner: kabsueats_user
--

ALTER TABLE public.webapp_order ALTER COLUMN id ADD GENERATED BY DEFAULT AS IDENTITY (
    SEQUENCE NAME public.webapp_order_id_seq
    START WITH 1
    INCREMENT BY 1
    NO MINVALUE
    NO MAXVALUE
    CACHE 1
);


--
-- Name: webapp_orderitem; Type: TABLE; Schema: public; Owner: kabsueats_user
--

CREATE TABLE public.webapp_orderitem (
    id bigint NOT NULL,
    quantity integer NOT NULL,
    price_at_order numeric(10,2) NOT NULL,
    created_at timestamp with time zone NOT NULL,
    updated_at timestamp with time zone NOT NULL,
    menu_item_id bigint NOT NULL,
    order_id bigint NOT NULL,
    CONSTRAINT webapp_orderitem_quantity_check CHECK ((quantity >= 0))
);


ALTER TABLE public.webapp_orderitem OWNER TO kabsueats_user;

--
-- Name: webapp_orderitem_id_seq; Type: SEQUENCE; Schema: public; Owner: kabsueats_user
--

ALTER TABLE public.webapp_orderitem ALTER COLUMN id ADD GENERATED BY DEFAULT AS IDENTITY (
    SEQUENCE NAME public.webapp_orderitem_id_seq
    START WITH 1
    INCREMENT BY 1
    NO MINVALUE
    NO MAXVALUE
    CACHE 1
);


--
-- Name: webapp_ordernotification; Type: TABLE; Schema: public; Owner: kabsueats_user
--

CREATE TABLE public.webapp_ordernotification (
    id bigint NOT NULL,
    notification_type character varying(50) NOT NULL,
    message text NOT NULL,
    is_read boolean NOT NULL,
    created_at timestamp with time zone NOT NULL,
    read_at timestamp with time zone,
    establishment_id bigint NOT NULL,
    order_id bigint NOT NULL
);


ALTER TABLE public.webapp_ordernotification OWNER TO kabsueats_user;

--
-- Name: webapp_ordernotification_id_seq; Type: SEQUENCE; Schema: public; Owner: kabsueats_user
--

ALTER TABLE public.webapp_ordernotification ALTER COLUMN id ADD GENERATED BY DEFAULT AS IDENTITY (
    SEQUENCE NAME public.webapp_ordernotification_id_seq
    START WITH 1
    INCREMENT BY 1
    NO MINVALUE
    NO MAXVALUE
    CACHE 1
);


--
-- Name: webapp_otp; Type: TABLE; Schema: public; Owner: kabsueats_user
--

CREATE TABLE public.webapp_otp (
    id bigint NOT NULL,
    email character varying(254) NOT NULL,
    code character varying(6) NOT NULL,
    created_at timestamp with time zone NOT NULL,
    attempts integer NOT NULL
);


ALTER TABLE public.webapp_otp OWNER TO kabsueats_user;

--
-- Name: webapp_otp_id_seq; Type: SEQUENCE; Schema: public; Owner: kabsueats_user
--

ALTER TABLE public.webapp_otp ALTER COLUMN id ADD GENERATED BY DEFAULT AS IDENTITY (
    SEQUENCE NAME public.webapp_otp_id_seq
    START WITH 1
    INCREMENT BY 1
    NO MINVALUE
    NO MAXVALUE
    CACHE 1
);


--
-- Name: webapp_review; Type: TABLE; Schema: public; Owner: kabsueats_user
--

CREATE TABLE public.webapp_review (
    id bigint NOT NULL,
    rating integer NOT NULL,
    comment text,
    image character varying(100),
    created_at timestamp with time zone NOT NULL,
    updated_at timestamp with time zone NOT NULL,
    establishment_id bigint NOT NULL,
    user_id integer NOT NULL
);


ALTER TABLE public.webapp_review OWNER TO kabsueats_user;

--
-- Name: webapp_review_id_seq; Type: SEQUENCE; Schema: public; Owner: kabsueats_user
--

ALTER TABLE public.webapp_review ALTER COLUMN id ADD GENERATED BY DEFAULT AS IDENTITY (
    SEQUENCE NAME public.webapp_review_id_seq
    START WITH 1
    INCREMENT BY 1
    NO MINVALUE
    NO MAXVALUE
    CACHE 1
);


--
-- Name: webapp_userprofile; Type: TABLE; Schema: public; Owner: kabsueats_user
--

CREATE TABLE public.webapp_userprofile (
    id bigint NOT NULL,
    profile_image character varying(100),
    default_latitude double precision,
    default_longitude double precision,
    created_at timestamp with time zone NOT NULL,
    updated_at timestamp with time zone NOT NULL,
    user_id integer NOT NULL
);


ALTER TABLE public.webapp_userprofile OWNER TO kabsueats_user;

--
-- Name: webapp_userprofile_id_seq; Type: SEQUENCE; Schema: public; Owner: kabsueats_user
--

ALTER TABLE public.webapp_userprofile ALTER COLUMN id ADD GENERATED BY DEFAULT AS IDENTITY (
    SEQUENCE NAME public.webapp_userprofile_id_seq
    START WITH 1
    INCREMENT BY 1
    NO MINVALUE
    NO MAXVALUE
    CACHE 1
);


--
-- Data for Name: auth_group; Type: TABLE DATA; Schema: public; Owner: kabsueats_user
--

COPY public.auth_group (id, name) FROM stdin;
\.


--
-- Data for Name: auth_group_permissions; Type: TABLE DATA; Schema: public; Owner: kabsueats_user
--

COPY public.auth_group_permissions (id, group_id, permission_id) FROM stdin;
\.


--
-- Data for Name: auth_permission; Type: TABLE DATA; Schema: public; Owner: kabsueats_user
--

COPY public.auth_permission (id, name, content_type_id, codename) FROM stdin;
1	Can add log entry	1	add_logentry
2	Can change log entry	1	change_logentry
3	Can delete log entry	1	delete_logentry
4	Can view log entry	1	view_logentry
5	Can add permission	2	add_permission
6	Can change permission	2	change_permission
7	Can delete permission	2	delete_permission
8	Can view permission	2	view_permission
9	Can add group	3	add_group
10	Can change group	3	change_group
11	Can delete group	3	delete_group
12	Can view group	3	view_group
13	Can add user	4	add_user
14	Can change user	4	change_user
15	Can delete user	4	delete_user
16	Can view user	4	view_user
17	Can add content type	5	add_contenttype
18	Can change content type	5	change_contenttype
19	Can delete content type	5	delete_contenttype
20	Can view content type	5	view_contenttype
21	Can add session	6	add_session
22	Can change session	6	change_session
23	Can delete session	6	delete_session
24	Can view session	6	view_session
25	Can add amenity	7	add_amenity
26	Can change amenity	7	change_amenity
27	Can delete amenity	7	delete_amenity
28	Can view amenity	7	view_amenity
29	Can add category	8	add_category
30	Can change category	8	change_category
31	Can delete category	8	delete_category
32	Can view category	8	view_category
33	Can add day	9	add_day
34	Can change day	9	change_day
35	Can delete day	9	delete_day
36	Can view day	9	view_day
37	Can add feature	10	add_feature
38	Can change feature	10	change_feature
39	Can delete feature	10	delete_feature
40	Can view feature	10	view_feature
41	Can add OTP	11	add_otp
42	Can change OTP	11	change_otp
43	Can delete OTP	11	delete_otp
44	Can view OTP	11	view_otp
45	Can add cart	12	add_cart
46	Can change cart	12	change_cart
47	Can delete cart	12	delete_cart
48	Can view cart	12	view_cart
49	Can add food establishment	13	add_foodestablishment
50	Can change food establishment	13	change_foodestablishment
51	Can delete food establishment	13	delete_foodestablishment
52	Can view food establishment	13	view_foodestablishment
53	Can add chat room	14	add_chatroom
54	Can change chat room	14	change_chatroom
55	Can delete chat room	14	delete_chatroom
56	Can view chat room	14	view_chatroom
57	Can add invitation code	15	add_invitationcode
58	Can change invitation code	15	change_invitationcode
59	Can delete invitation code	15	delete_invitationcode
60	Can view invitation code	15	view_invitationcode
61	Can add Menu Item	16	add_menuitem
62	Can change Menu Item	16	change_menuitem
63	Can delete Menu Item	16	delete_menuitem
64	Can view Menu Item	16	view_menuitem
65	Can add message	17	add_message
66	Can change message	17	change_message
67	Can delete message	17	delete_message
68	Can view message	17	view_message
69	Can add order	18	add_order
70	Can change order	18	change_order
71	Can delete order	18	delete_order
72	Can view order	18	view_order
73	Can add order item	19	add_orderitem
74	Can change order item	19	change_orderitem
75	Can delete order item	19	delete_orderitem
76	Can view order item	19	view_orderitem
77	Can add user profile	20	add_userprofile
78	Can change user profile	20	change_userprofile
79	Can delete user profile	20	delete_userprofile
80	Can view user profile	20	view_userprofile
81	Can add cart item	21	add_cartitem
82	Can change cart item	21	change_cartitem
83	Can delete cart item	21	delete_cartitem
84	Can view cart item	21	view_cartitem
85	Can add order notification	22	add_ordernotification
86	Can change order notification	22	change_ordernotification
87	Can delete order notification	22	delete_ordernotification
88	Can view order notification	22	view_ordernotification
89	Can add review	23	add_review
90	Can change review	23	change_review
91	Can delete review	23	delete_review
92	Can view review	23	view_review
93	Can add Favorite Establishment	24	add_favoriteestablishment
94	Can change Favorite Establishment	24	change_favoriteestablishment
95	Can delete Favorite Establishment	24	delete_favoriteestablishment
96	Can view Favorite Establishment	24	view_favoriteestablishment
97	Can add Favorite Menu Item	25	add_favoritemenuitem
98	Can change Favorite Menu Item	25	change_favoritemenuitem
99	Can delete Favorite Menu Item	25	delete_favoritemenuitem
100	Can view Favorite Menu Item	25	view_favoritemenuitem
101	Can add Business Hours	26	add_businesshours
102	Can change Business Hours	26	change_businesshours
103	Can delete Business Hours	26	delete_businesshours
104	Can view Business Hours	26	view_businesshours
105	Can add Contact / Social Link	27	add_establishmentcontactlink
106	Can change Contact / Social Link	27	change_establishmentcontactlink
107	Can delete Contact / Social Link	27	delete_establishmentcontactlink
108	Can view Contact / Social Link	27	view_establishmentcontactlink
\.


--
-- Data for Name: auth_user; Type: TABLE DATA; Schema: public; Owner: kabsueats_user
--

COPY public.auth_user (id, password, last_login, is_superuser, username, first_name, last_name, email, is_staff, is_active, date_joined) FROM stdin;
176	pbkdf2_sha256$1000000$NjldHxWebf63S0OqcQNELK$l+ZrWPe44p53+gb2jHaf4TJaZWA4SuAFbe4InvohDrE=	2026-04-07 13:56:24.925103+00	f	calimbasliam@gmail.com			calimbasliam@gmail.com	f	t	2026-04-07 13:56:18.051231+00
177	pbkdf2_sha256$1000000$uGOzapuAMSoNf0CuD7ItBN$dzhqkeFlZ0gyxEj+PtZpBbci03WT8lzexySL9A8TcTk=	2026-04-07 14:06:35.90172+00	f	jennifersumaya72@gmail.com			jennifersumaya72@gmail.com	f	t	2026-04-07 14:06:29.220419+00
178	pbkdf2_sha256$1000000$j9o0Tj3hAVyXLou6YCDnFG$m2cygyNoVe+xOzC/4YF8EVc/wQNB9iYSO0ZTGuxHnDo=	2026-04-08 04:07:51.798278+00	f	baedeuces@gmail.com			baedeuces@gmail.com	f	t	2026-04-08 04:07:45.785805+00
174	!4YcsTspsAKF0wk3VLkwOUOozqcC7ne82TtBrzDwY	2026-03-29 04:05:37.768555+00	f	z67565644			z67565644@gmail.com	f	t	2026-03-29 04:05:37.71279+00
173	pbkdf2_sha256$1000000$cZOoNScftqcXjjQ02Ra3Vb$K235b7vUhEPW2B+dN+z2iF1HFrLfsUsx+X2+N2FR3zY=	2026-03-29 12:28:09.443963+00	f	erre.mengullo.au@phinmaed.com			erre.mengullo.au@phinmaed.com	f	t	2026-03-22 14:54:35.657549+00
175	!4prxLvyuZ3d22hhYzDClTlS9aHMYxJgRFYpH5ZSC	2026-03-30 02:04:10.759458+00	f	bc.daviz.conchina			bc.daviz.conchina@cvsu.edu.ph	f	t	2026-03-30 02:04:10.693015+00
179	pbkdf2_sha256$1000000$wNUAZ8LWs9eie34Pm5bSsu$zJDRYek50r6J8XIh2SM007Xmo8TERuHbWAUovRhv2vQ=	2026-04-08 04:24:51.452611+00	f	tagubajade15@gmail.com			tagubajade15@gmail.com	f	t	2026-04-08 04:24:45.099863+00
36	pbkdf2_sha256$1000000$LEI2XBjVUWz2X69Vv2XA1x$jKHs356Ac/54MTkD5TSrPwFocnM626zripMVg0p5omE=	2026-03-20 13:53:47.747149+00	f	karlmajaba066@gmail.com			karlmajaba066@gmail.com	f	t	2026-03-20 13:53:41.258791+00
69	pbkdf2_sha256$1000000$9l3sMPtLvEYAwRGWf77iUu$rObAKS/+UAqfKbM+ucsnwJCUN6n2GpSBm5lusdJP7UQ=	2026-03-20 14:24:27.439627+00	f	bvproverbs3.5@gmail.com			bvproverbs3.5@gmail.com	f	t	2026-03-20 14:24:20.957001+00
70	pbkdf2_sha256$1000000$xTU6N974rnNFAU0RQ0tpyf$Rv1HO2rvZ/8grn95BjcDppd5FaVExwjVxyHz930zWLQ=	2026-03-20 14:40:29.93323+00	f	bproverbs4.2.3@gmail.com			bproverbs4.2.3@gmail.com	f	t	2026-03-20 14:40:23.974294+00
103	pbkdf2_sha256$1000000$npCtlcPhSQOCsaj6qYfVyL$JbrrPKj62hP4LmfFqfZ82wDKBXbA1vSsMfNCxAXjOhA=	2026-03-20 15:08:02.893768+00	f	bverseisaiah41.10@gmail.com			bverseisaiah41.10@gmail.com	f	t	2026-03-20 15:07:56.346352+00
2	pbkdf2_sha256$1000000$RX9Q9mEbBStEpF0x59QbAM$nOM42s4nOpdRmxxaeRaaa+ZJWD/CXQ3OS+KM50a+pwU=	2026-04-07 07:04:59.091882+00	f	robbyrossmajaba16@gmail.com			robbyrossmajaba16@gmail.com	f	t	2026-03-20 13:25:39.893318+00
104	!cKeSkG9BcDJJilW3ko8qKY1v3o5rACs75DhYMqTo	2026-03-20 15:51:40.26866+00	f	bc.kayla.tizon			bc.kayla.tizon@cvsu.edu.ph	f	t	2026-03-20 15:51:40.214648+00
138	pbkdf2_sha256$1000000$NWm8zWIhfomUO5XGCJUW4P$wq2DuDPWJeh9fxZrQiJaHoDi0u+gW0NLyWQUetnjqB4=	2026-04-11 10:19:29.338284+00	f	akiimidesui23@gmail.com			akiimidesui23@gmail.com	f	t	2026-03-21 04:24:22.978067+00
137	pbkdf2_sha256$1000000$Rewdj5KQ2HE9nPFA8Z2O2K$568jfjthUXGH/4eCcPpL/paEa5iRqX8s5l3RQih0oZw=	2026-03-21 04:39:57.890963+00	f	kniivesout2002@gmail.com			kniivesout2002@gmail.com	f	t	2026-03-21 04:00:04.033015+00
139	pbkdf2_sha256$1000000$KNVA9KriOoAvdRh9RwjthY$sobBBMiv0Ccg4e4JBfOMnzI9dejgyqCgVFlw4Z3LhHY=	2026-04-07 07:03:59.455457+00	f	davizconchina082302			davizconchina082302@gmail.com	f	t	2026-03-21 04:35:26.388277+00
172	!Ko6uKpTwgVFcegf1jIytfUTF94nFTqR1CgcSsbEy	2026-03-21 04:41:54.446604+00	f	daviconchina			daviconchina@gmail.com	f	t	2026-03-21 04:41:54.377604+00
1	pbkdf2_sha256$1000000$DuV0x8Ywqs4sRj6JV4sx0V$9lxDpuA158xAlu4j215l/dh3YSREqI402SyKgxp08og=	2026-04-13 02:14:41.924329+00	t	admindev			admindev	t	t	2026-03-19 14:57:00.89054+00
35	pbkdf2_sha256$1000000$HO518XH2udXw2eBS3u7spu$C04c/dAk6uiZBv0oGFgFaa6B82I/D7VzdwVWbAjlxRc=	2026-04-13 06:17:50.212147+00	f	robbyrosstanaelmajaba16@gmail.com			robbyrosstanaelmajaba16@gmail.com	f	t	2026-03-20 13:42:22.4088+00
\.


--
-- Data for Name: auth_user_groups; Type: TABLE DATA; Schema: public; Owner: kabsueats_user
--

COPY public.auth_user_groups (id, user_id, group_id) FROM stdin;
\.


--
-- Data for Name: auth_user_user_permissions; Type: TABLE DATA; Schema: public; Owner: kabsueats_user
--

COPY public.auth_user_user_permissions (id, user_id, permission_id) FROM stdin;
\.


--
-- Data for Name: django_admin_log; Type: TABLE DATA; Schema: public; Owner: kabsueats_user
--

COPY public.django_admin_log (id, action_time, object_id, object_repr, action_flag, change_message, content_type_id, user_id) FROM stdin;
1	2026-03-20 12:51:08.313379+00	1	Cafe	1	[{"added": {}}]	8	1
2	2026-03-20 12:51:41.973328+00	2	Carinderia	1	[{"added": {}}]	8	1
3	2026-03-20 12:52:08.943693+00	3	Convenience Store	1	[{"added": {}}]	8	1
4	2026-03-20 12:52:25.155545+00	4	Burger	1	[{"added": {}}]	8	1
5	2026-03-20 12:52:48.86385+00	5	Pizza	1	[{"added": {}}]	8	1
6	2026-03-20 12:53:10.929847+00	6	Shawarma	1	[{"added": {}}]	8	1
7	2026-03-20 12:53:49.389043+00	1	Wifi	1	[{"added": {}}]	7	1
8	2026-03-20 12:53:55.897944+00	2	Aircon	1	[{"added": {}}]	7	1
9	2026-03-20 12:54:00.889324+00	3	Parking	1	[{"added": {}}]	7	1
10	2026-03-20 12:54:07.150262+00	4	Charging	1	[{"added": {}}]	7	1
11	2026-03-20 12:54:12.997372+00	5	Restroom	1	[{"added": {}}]	7	1
12	2026-03-20 12:54:52.535481+00	6	Karaoke	1	[{"added": {}}]	7	1
13	2026-03-20 12:55:01.551111+00	7	Games	1	[{"added": {}}]	7	1
\.


--
-- Data for Name: django_content_type; Type: TABLE DATA; Schema: public; Owner: kabsueats_user
--

COPY public.django_content_type (id, app_label, model) FROM stdin;
1	admin	logentry
2	auth	permission
3	auth	group
4	auth	user
5	contenttypes	contenttype
6	sessions	session
7	webapp	amenity
8	webapp	category
9	webapp	day
10	webapp	feature
11	webapp	otp
12	webapp	cart
13	webapp	foodestablishment
14	webapp	chatroom
15	webapp	invitationcode
16	webapp	menuitem
17	webapp	message
18	webapp	order
19	webapp	orderitem
20	webapp	userprofile
21	webapp	cartitem
22	webapp	ordernotification
23	webapp	review
24	webapp	favoriteestablishment
25	webapp	favoritemenuitem
26	webapp	businesshours
27	webapp	establishmentcontactlink
\.


--
-- Data for Name: django_migrations; Type: TABLE DATA; Schema: public; Owner: kabsueats_user
--

COPY public.django_migrations (id, app, name, applied) FROM stdin;
1	contenttypes	0001_initial	2026-03-19 14:56:59.307776+00
2	auth	0001_initial	2026-03-19 14:56:59.594261+00
3	admin	0001_initial	2026-03-19 14:56:59.689549+00
4	admin	0002_logentry_remove_auto_add	2026-03-19 14:56:59.695597+00
5	admin	0003_logentry_add_action_flag_choices	2026-03-19 14:56:59.70223+00
6	contenttypes	0002_remove_content_type_name	2026-03-19 14:56:59.715263+00
7	auth	0002_alter_permission_name_max_length	2026-03-19 14:56:59.72371+00
8	auth	0003_alter_user_email_max_length	2026-03-19 14:56:59.731985+00
9	auth	0004_alter_user_username_opts	2026-03-19 14:56:59.740888+00
10	auth	0005_alter_user_last_login_null	2026-03-19 14:56:59.750461+00
11	auth	0006_require_contenttypes_0002	2026-03-19 14:56:59.753894+00
12	auth	0007_alter_validators_add_error_messages	2026-03-19 14:56:59.760739+00
13	auth	0008_alter_user_username_max_length	2026-03-19 14:56:59.771442+00
14	auth	0009_alter_user_last_name_max_length	2026-03-19 14:56:59.793232+00
15	auth	0010_alter_group_name_max_length	2026-03-19 14:56:59.801764+00
16	auth	0011_update_proxy_permissions	2026-03-19 14:56:59.807892+00
17	auth	0012_alter_user_first_name_max_length	2026-03-19 14:56:59.81611+00
18	sessions	0001_initial	2026-03-19 14:56:59.827435+00
19	webapp	0001_initial	2026-03-19 14:57:00.688803+00
20	webapp	0002_foodestablishment_is_active	2026-03-19 14:57:00.705325+00
21	webapp	0003_order_stock_deducted_alter_order_status	2026-03-19 14:57:00.735043+00
22	webapp	0999_manual_fix_categories	2026-03-20 04:02:10.171848+00
23	webapp	0002_order_add_cancelled_from_status	2026-03-27 05:40:06.458738+00
24	webapp	0003_alter_order_cancelled_from_status	2026-03-27 05:40:06.481928+00
25	webapp	0005_order_add_owner_dismissed	2026-03-27 07:12:18.19048+00
26	webapp	0004_favoriteestablishment_favoritemenuitem	2026-03-27 07:12:18.30783+00
27	webapp	0006_merge_20260327_1510	2026-03-27 07:12:18.392009+00
28	webapp	0007_order_add_cancel_reason	2026-03-27 07:18:07.399077+00
29	webapp	0002_add_is_deleted_to_ordernotification	2026-03-29 12:24:27.020525+00
30	webapp	0003_remove_ordernotification_ordernotif_est_deleted_idx_and_more	2026-03-29 12:24:27.091601+00
31	webapp	0004_businesshours	2026-04-12 14:28:41.127078+00
32	webapp	0005_establishmentcontactlink	2026-04-12 14:28:41.207202+00
\.


--
-- Data for Name: django_session; Type: TABLE DATA; Schema: public; Owner: kabsueats_user
--

COPY public.django_session (session_key, session_data, expire_date) FROM stdin;
ek58ctq1f9ne22v2jx7it07xp5x6ing3	eyJyZXNldF9hY2NvdW50X3R5cGUiOiJvd25lciJ9:1wA4Qr:MkcpozV39s1ABOl-ftPvTrDP7RDBzUkyPq22q2OEnEc	2026-04-21 11:17:21.807218+00
gbkmfnuf2kr70us5ybqowmnopiuum4ge	.eJxVjjsOwjAQRO_iGkVZ_xJT0nMGa-1dcPjYUuxUiLuToBTQvpl5mpfwuLTkl8qzn0gcBahRHH5pwHjnvEV0w3wtXSy5zVPotkq3p7U7F-LHae_-CRLWtK5tVMGwGZyU2ihN1g1OSYvSWcXkRpKBAZ0B6AnsEGGF0EujJRAqCKv0Ugp5rg3DY6rpybl9P0Ov3x-a3kD8:1wAIFX:JvuOYOYA4N2gV1Mx6iT1SPU95u7y_dNyZEABEMQ-5wk	2026-04-22 02:02:35.393028+00
6zsvsv81y3q9k5ehvkcrjubu8yenpp3m	.eJxVjDsOwjAQBe_iGlnZ9S-mpM8ZrLXXwgFkS3FSIe5OIqWAdmbee4tA21rC1vMSZhZXAWoUl18aKT1zPRQ_qN6bTK2uyxzlkcjTdjk1zq_b2f4dFOplX9ukosnGeURtlGbrnVdoCb1Vmf3IGDOQNwADg3UJdggDGo3ApCCKzxcCNzcX:1wBVR3:NACTDKkZ11DLK8Y8ShxbDx4t4S-c8LaPa4z3IEzFZ_E	2026-04-25 10:19:29.712957+00
s1jwm7znv4edfssr63vui2z11gari5e7	.eJxVj81u3DAMhN_F58gQSVESc-y9z2BQIp3d_KyLtfcU5N2rDYKkPXLIb2b4Pi16O07LbffrcrbpcQKq08O_atP-4pf7yp718rTNfbsc13Ob7yfz13aff2_mr7--bv8zOOl-GnTu1Ni5CGJiSpalCGFWlExuUg2bgwoDRINcOgwRInJCMCVow3TdNlt8P7S9nvfTm1-Oz84Q08P057p133e3Zei3Rc2WYxtl9unxfWKR6l1q6OgaUnQMikVCp1hIIpPAOnxK4fuAdWaEGOtINMrUuoXs5ANMa2i4YkAVyGjOBvoD5jyXyIA8QKrQ0yohlUQhpcZB1SkIZmhrLN6b_YAic6ojc_yRII-iI0xzh5DW2IKuJQ3QS1PqUYC_QYY4x0gslT8-_gLcGIN6:1wBW9G:CfYMbdrWc8NOuJ-URyEjjZbFCCyNYOBPT2zmAtWtNoA	2026-04-25 11:05:10.687206+00
pcq7370r6jq47oed4k6treqf92ng9x5q	.eJxVjMsOwiAUBf-FtSEXhLa4dN9vIPdBpWogKe3K-O_apAvdnpk5LxVxW3PcWlriLOqiDDh1-l0J-ZHKjuSO5VY117IuM-ld0QdteqySntfD_TvI2PK3ts4RSRDnfH_urLHiQkL2yGwsM4gXsNbAFHpBb2ggE4CIYUh-QujU-wMq4jhw:1w3c8S:qJW45Tm-cIMWm3cFCLaU97yT7Zqy99ZqqWA9tP5D6Lk	2026-04-03 15:51:40.285448+00
dvc3ly65uf7697dd6fw1u5gdndk1wrbb	e30:1w3cCk:-E72hKgbmshObURRbKvlw7J-5QoFcZF0JtUrVZYS_74	2026-04-03 15:56:06.566629+00
rd3lkd0etl7cr9srw318o0x38p3surx9	e30:1w3cFU:pnvLxLlpH_WvP9Q53TScnCLkYxKlIrzsAoANT8ZNROc	2026-04-03 15:58:56.058427+00
92nutcl9plj5dyluk0xp61p4lr6p9ng2	e30:1w3cGY:An3Qz9ui7sO0x2ZYDxmTcxJgfrke4918inTobsBbwgU	2026-04-03 16:00:02.14162+00
v0xs6cejjaufuyyf0pt4191oxkqcpfgj	e30:1w3cHH:9JArQvenw3O5O9_moWxJ6Vd60R3EEn2L5kkxJRKSl-8	2026-04-03 16:00:47.536199+00
s2yx3szn0kj942magarwyrdxax1gm9x8	.eJxVj0tuAyEQRO_CehjR0Py89D5nQA00GSfOTGTGK8t3D46sfLZV9aqrbyLRdV_StfMlnao4CGPF9FfMVN55fTj1jdbXbS7bul9OeX5E5qfb55et8vn4zP4rWKgvg8YGGlqEygAFlIstKnLVxqwQskVXssvEDTFb76P3jYIPWtWsgRWpUdq2rSbuO-XzqS8fvO7fkw1O4vOyFe6daxryNVGtad_Gli4ON6EcUWaokg14iYGLDJ5IYtRcGDzqUMQBvLdROQQ9OxW9DmYSrKyKw5BklJPjBZRjopEWCsbCpmX3S1pwg7TWGj0JU9G6_Iia1iTmcS4EytIHG0wEqEHBD-lUmCEieHO_fwEJ1Xal:1wBWQy:ac9HZOF0I3ZFZxRhf6iIg1QLUIRzq78OLynUD9iFEKE	2026-04-25 11:23:28.935721+00
iw9ghy8ii86lr7nng6dgpuii6wjmg9e5	.eJxVjjsOwjAQRO_iGlnexJ-Ykp4zWLv-4ECIpdipEHcnQSmgnTfzNC_mcG3ZrTUubgzszHrFTr8hoX_EeSfhjvOtcF_mtozE9wo_aOXXEuJ0Obp_gow1b2uZoINkIUQAD0LbZAXqoCwJCaSk9qQJY5KSlDHWmISDGToRqIMoUGzSVEpwsTakaaz5Gef2vdzL9wdo3EGD:1wCAcI:DQQLVmGpH3y5wxe-g6HsN097IeVk4RtsBMmt_VzNEFs	2026-04-27 06:17:50.222579+00
mslrx4abomegsb0c706fp6xuqps6f7ch	.eJxVjMsOwiAQRf-FtSEML8Gl-34DGWCQqoGktCvjv2uTLnR7zzn3xQJuaw3boCXMmV0YKM9Ov2vE9KC2o3zHdus89bYuc-S7wg86-NQzPa-H-3dQcdRvfaZMjlwqMXqL1oAjjySkBqe1wIQonBQUvfIExWA0BaROFkAVsNmy9wdOtjiW:1w3o3a:mEgjs5BmOkhhhBR1l3rQCtlIF9UZbnwuBIAdU4Qgx0c	2026-04-04 04:35:26.475598+00
2gg4sa5bbz5crp3jsoag0wurpbv44z6z	.eJxVjEEOwiAQRe_C2hCGaWl16d4zkIEZpGogKe3KeHfbpAvd_vfefytP65L92mT2E6uLgsGq0-8aKD6l7IgfVO5Vx1qWeQp6V_RBm75Vltf1cP8OMrW81ecgxiUnEZEjmYgUbBI3OCDADtNoQQgEyBJtPBkRNIxRbNf3gUf1-QJX6zlb:1w3o9q:WNTN1NDy3ZUVeA6WBXeXW-_0_gpBMuetpJ0zf6UwKIs	2026-04-04 04:41:54.522985+00
rfu5h4utzer0qt8lwcz20ep6njjlh4fw	.eJxVjktywyAQRO_C2qLE8PfS-5yBAmaIlDgiJdDK5bsHpbxItv26X_WDhXj0JRyN9rAiuzIhLbv8TVPMn7SdCD_i9l55rlvf18TPCn_Rxt8q0v326v4TLLEtY22FM1kXG23MpJ0gmBOa4jWaqJxPWXplE0gnURVKwidt0CiVEUQBhCEttWKg1mO6r235oq3_fhazvLDvvWZqjTCM_AgRMfQ6zjR2fbCkVZHO2ilmKJMqCJODYiedcxnAg6PTY62ajRtF7s3sNKjn8we-Flx5:1w3oEG:USARXjFu_mFLzxD4lo5C3IafQddwmkEt-DC4J02FfmE	2026-04-04 04:46:28.623457+00
gon4zaltsomun5bnbaiu3dbnu7my3aw2	.eJxVjMsOwiAQRf-FtSEML8Gl-34DGWCQqoGktCvjv2uTLnR7zzn3xQJuaw3boCXMmV0YKM9Ov2vE9KC2o3zHdus89bYuc-S7wg86-NQzPa-H-3dQcdRvfaZMjlwqMXqL1oAjjySkBqe1wIQonBQUvfIExWA0BaROFkAVsNmy9wdOtjiW:1w4bhW:NXZgCpGFnaTPTTWeL4_4W7Cqj9EkZWDF0AVo-3I4EKQ	2026-04-06 09:35:58.053395+00
nnfd54kytmar7gcla0vbolul4jerg3rs	.eJxVjDkOwjAUBe_iGlnY8RZK-pzB-v4LDqBEipMKcXeIlALaNzPvpTJsa81b4yWPpC7KRKdOv2sBfPC0I7rDdJs1ztO6jEXvij5o08NM_Lwe7t9BhVa_tSD5IMWTTyQxBZeYuhi469GClAB4NpIcxmR7S4KMrojBQiEwGNup9wdhCTmg:1w6hP7:Jx7_bUVsnBYQkko9J8CNYVMjOw93SLbBeA47Ft4XyuA	2026-04-12 04:05:37.778211+00
576exkagkf5n9mqg6dp05oeiswfp5eh9	e30:1w6nhk:FP0yHwfyH7MOpbGAlkHmAC34GHK-MEIj1bkeaVcNiyo	2026-04-12 10:49:16.516818+00
1nyh7jkwuqodc750q8l607jzratz3a9k	e30:1w6nhm:g3zfIFjc5lpSwFnZLQrJ3r5EhELpjoNqgjm3xbQuLL8	2026-04-12 10:49:18.809534+00
9clafs4ocxhen4k485szn8y1qn8hrjzh	e30:1w6nnX:2beCyP9lkSYGaTlP-GM3tpsk6Qv1RCsHFNZtJTuImRE	2026-04-12 10:55:15.217972+00
oz3gsyz7qt10d8he40v931m1rm0bwog6	e30:1w6oSb:Nik0U7m6HAuJPbGeBoobh580-SsSNZxYzejt7pOoPxE	2026-04-12 11:37:41.506087+00
p10knyc1h0wp3fmv1ixp4ld0n960wqjx	e30:1w6oSe:0ILfF899x7cFiYCTO9lvLAMfIa83AecbRbJ7V05ThcE	2026-04-12 11:37:44.011528+00
nzyfon2nssztl2iieepb5vijr4psdur1	.eJxVjkEOwiAURO_C2hD4paW4dO8ZyIcPUq2QFLoy3t3WdKHbeW8m82IW15bsWsNiJ2JnJruRnX5Th_4R8o7ojvlWuC-5LZPju8IPWvm1UJgvh_s3kLCmre0hBBjIax_RgxJdVHLACAZBm55Gclo5Ep2MXvdkVNQKNBmBvXCbAttoLIVsqA3dPNX0DLl9P0uh3h8QmEJ7:1w72Ls:ba4HMy-HGcd264aqgF1hoJOECMMvc1uW5abECmKJeVE	2026-04-13 02:27:40.137372+00
\.


--
-- Data for Name: webapp_amenity; Type: TABLE DATA; Schema: public; Owner: kabsueats_user
--

COPY public.webapp_amenity (id, name) FROM stdin;
1	Wifi
2	Aircon
3	Parking
4	Charging
5	Restroom
6	Karaoke
7	Games
\.


--
-- Data for Name: webapp_businesshours; Type: TABLE DATA; Schema: public; Owner: kabsueats_user
--

COPY public.webapp_businesshours (id, day_of_week, opening_time, closing_time, is_closed, establishment_id) FROM stdin;
1	0	07:00:00	22:00:00	f	34
2	1	07:00:00	22:00:00	f	34
3	2	07:00:00	22:00:00	f	34
4	3	07:00:00	22:00:00	f	34
5	4	07:00:00	22:00:00	f	34
6	5	07:00:00	22:00:00	f	34
7	6	07:00:00	22:00:00	f	34
\.


--
-- Data for Name: webapp_cart; Type: TABLE DATA; Schema: public; Owner: kabsueats_user
--

COPY public.webapp_cart (id, created_at, updated_at, user_id) FROM stdin;
\.


--
-- Data for Name: webapp_cartitem; Type: TABLE DATA; Schema: public; Owner: kabsueats_user
--

COPY public.webapp_cartitem (id, quantity, added_at, cart_id, menu_item_id) FROM stdin;
\.


--
-- Data for Name: webapp_category; Type: TABLE DATA; Schema: public; Owner: kabsueats_user
--

COPY public.webapp_category (id, name) FROM stdin;
1	Cafe
2	Carinderia
3	Convenience Store
4	Burger
5	Pizza
6	Shawarma
\.


--
-- Data for Name: webapp_chatroom; Type: TABLE DATA; Schema: public; Owner: kabsueats_user
--

COPY public.webapp_chatroom (id, created_at, updated_at, customer_unread_count, owner_unread_count, customer_id, establishment_id) FROM stdin;
34	2026-03-21 07:12:58.449439+00	2026-03-21 07:12:58.449458+00	0	0	35	35
67	2026-03-21 14:47:24.61658+00	2026-03-21 14:47:24.616591+00	0	0	2	104
1	2026-03-20 17:26:49.118472+00	2026-03-28 11:41:37.153197+00	1	0	35	1
133	2026-03-29 06:58:53.555313+00	2026-03-29 06:59:01.933203+00	0	0	2	1
134	2026-03-29 11:30:17.797128+00	2026-03-29 11:30:29.712474+00	0	0	35	34
135	2026-03-30 02:23:32.653549+00	2026-03-30 02:23:49.647832+00	0	1	175	1
100	2026-03-21 16:37:34.695206+00	2026-03-21 16:37:34.732675+00	0	0	104	104
35	2026-03-21 07:13:06.551818+00	2026-03-30 06:51:58.015694+00	0	1	35	103
\.


--
-- Data for Name: webapp_day; Type: TABLE DATA; Schema: public; Owner: kabsueats_user
--

COPY public.webapp_day (id, name) FROM stdin;
\.


--
-- Data for Name: webapp_establishmentcontactlink; Type: TABLE DATA; Schema: public; Owner: kabsueats_user
--

COPY public.webapp_establishmentcontactlink (id, label, value, "order", establishment_id) FROM stdin;
1	fB	https://web.facebook.com/	0	34
\.


--
-- Data for Name: webapp_favoriteestablishment; Type: TABLE DATA; Schema: public; Owner: kabsueats_user
--

COPY public.webapp_favoriteestablishment (id, created_at, establishment_id, user_id) FROM stdin;
\.


--
-- Data for Name: webapp_favoritemenuitem; Type: TABLE DATA; Schema: public; Owner: kabsueats_user
--

COPY public.webapp_favoritemenuitem (id, created_at, menu_item_id, user_id) FROM stdin;
38	2026-03-27 13:55:40.682931+00	108	35
\.


--
-- Data for Name: webapp_feature; Type: TABLE DATA; Schema: public; Owner: kabsueats_user
--

COPY public.webapp_feature (id, name) FROM stdin;
\.


--
-- Data for Name: webapp_foodestablishment; Type: TABLE DATA; Schema: public; Owner: kabsueats_user
--

COPY public.webapp_foodestablishment (id, is_approved, name, address, opening_time, closing_time, image, other_category, other_amenity, latitude, longitude, payment_methods, created_at, updated_at, owner_id, is_active) FROM stdin;
105	f	Crooz Cafe	Soldiers Hills IV, Molino VI, Molino, Bacoor, Cavite, Calabarzon, 4102, Philippines	10:00:00	20:00:00	media/establishment_images/Crooz_Cafe10_teyf1l	\N	\N	14.411593137679567	120.98277139670246	Cash, GCash	2026-03-22 14:54:37.562059+00	2026-03-29 10:47:33.242034+00	173	t
35	f	Kape Blinders	Kape Blinders, B12 L3 P4, Almond Drive, South Susana Homes, Molino VI, Molino, Bacoor, Cavite, Calabarzon, 4102, Philippines	10:00:00	18:00:00	media/establishment_images/establishment_image_a0ei8v	\N	\N	14.4138791	120.9787513	Cash, GCash	2026-03-20 13:53:44.048597+00	2026-03-20 13:56:55.584269+00	36	t
68	f	Alfamart	Alfamart, Adelfa Street, Soldiers Hills IV, Molino VI, Molino, Bacoor, Cavite, Calabarzon, 4102, Philippines	10:00:00	20:00:00	media/establishment_images/establishment_image_hm1xta	\N	\N	14.413897380954724	120.97912573817669	Cash, GCash	2026-03-20 14:24:23.637825+00	2026-03-20 14:24:24.99501+00	69	t
102	f	Shawarma King	Adelfa Street, Soldiers Hills IV, Molino VI, Molino, Bacoor, Cavite, Calabarzon, 4102, Philippines	10:00:00	22:00:00	media/establishment_images/establishment_image_fjpuwd	\N	\N	14.41384620471827	120.97928506137579	Cash, GCash	2026-03-20 15:07:59.185161+00	2026-03-20 15:15:42.211153+00	103	t
1	f	Boss Cafe & Bar	Adelfa Street, Soldiers Hills IV, Molino VI, Molino, Bacoor, Cavite, Calabarzon, 4102, Philippines	10:00:00	20:00:00	media/establishment_images/establishment_image_dfweou	\N	\N	14.413904005303129	120.97949615121708	Cash, GCash	2026-03-20 13:25:42.197202+00	2026-04-07 07:10:24.754245+00	2	t
109	f	Potito Jacket Potato Goodness	Mount Samat Street, Woodwinds Village, Molino VI, Molino, Bacoor, Cavite, Calabarzon, 4102, Philippines	10:00:00	19:00:00	media/establishment_images/establishment_image_cz81au	Potato Corner	\N	14.413828929443804	120.98484447599277	Cash, GCash	2026-04-08 04:24:47.527451+00	2026-04-08 04:36:40.747361+00	179	t
107	f	Lemon Keyo	J. Rizal Street, Soldiers Hills IV Phase 3, Molino VI, Molino, Bacoor, Cavite, Calabarzon, 4102, Philippines	10:00:00	20:00:00	media/establishment_images/establishment_image_id375i	Lemonade	\N	14.410216165552816	120.98415783048496	Cash, GCash	2026-04-07 14:06:31.99897+00	2026-04-07 14:18:45.455582+00	177	t
103	f	Daviz Kape	Adelfa Street, Soldiers Hills IV, Molino VI, Molino, Bacoor, Cavite, Calabarzon, 4102, Philippines	08:00:00	13:55:00	media/establishment_images/establishment_image_gfwbqf	\N	\N	14.415031569102478	120.9820032119751	Cash, GCash	2026-03-21 04:00:06.487761+00	2026-03-21 04:46:28.61731+00	137	t
106	f	OverShot Milktea	J. Rizal Street, Soldiers Hills IV Phase 3, Molino VI, Molino, Bacoor, Cavite, Calabarzon, 4102, Philippines	10:00:00	22:00:00	media/establishment_images/establishment_image_nhx82g	Milktea Shop	\N	14.410156090881042	120.98404276371413	Cash, GCash	2026-04-07 13:56:21.008214+00	2026-04-07 13:56:22.125472+00	176	t
69	f	BLK10 COFFEE AND TEA	Mount Samat Street, Woodwinds Village, Molino VI, Molino, Bacoor, Cavite, Calabarzon, 4102, Philippines	10:00:00	20:00:00	media/establishment_images/establishment_image_yqqnbd	\N	\N	14.413668776222531	120.98458135131298	Cash, GCash	2026-03-20 14:40:26.535882+00	2026-03-20 15:00:58.049407+00	70	t
108	f	Lutong Bahay ni Tita Edith	Mount Parker Street, Ridgetown, Molino VI, Molino, Bacoor, Cavite, Calabarzon, 4102, Philippines	04:00:00	19:00:00	media/establishment_images/establishment_image_zl0mmm	\N	\N	14.413590258143657	120.9847548902076	Cash, GCash	2026-04-08 04:07:48.109377+00	2026-04-08 04:07:49.253869+00	178	t
34	f	ATHILANOS FOOD HUB	Adelfa Street, Soldiers Hills IV, Molino VI, Molino, Bacoor, Cavite, Calabarzon, 4102, Philippines	07:00:00	22:00:00	media/establishment_images/establishment_image_lp0zq9	\N	\N	14.413935048810123	120.97976249458044	Cash, GCash	2026-03-20 13:42:24.894389+00	2026-04-13 06:21:19.059573+00	35	t
104	f	Café de Júr	Sampaguita Street, Soldiers Hills IV, Molino VI, Molino, Bacoor, Cavite, Calabarzon, 4102, Philippines	08:00:00	12:00:00	media/establishment_images/dejur_mwuuj1	\N	\N	14.41186827776924	120.9816572070122	Cash, GCash	2026-03-21 04:24:25.387903+00	2026-04-11 11:05:10.681528+00	138	t
\.


--
-- Data for Name: webapp_foodestablishment_amenities; Type: TABLE DATA; Schema: public; Owner: kabsueats_user
--

COPY public.webapp_foodestablishment_amenities (id, foodestablishment_id, amenity_id) FROM stdin;
1	1	1
2	1	2
3	1	3
4	1	4
34	34	3
35	34	4
36	34	5
37	35	1
38	35	2
39	35	3
40	35	4
70	68	2
71	68	3
72	69	2
73	69	3
74	69	4
105	102	3
106	103	2
107	103	4
108	104	2
109	104	4
111	105	3
112	105	4
113	105	5
114	104	1
115	106	3
116	107	3
117	108	3
118	109	3
\.


--
-- Data for Name: webapp_foodestablishment_categories; Type: TABLE DATA; Schema: public; Owner: kabsueats_user
--

COPY public.webapp_foodestablishment_categories (id, foodestablishment_id, category_id) FROM stdin;
1	1	1
2	1	4
3	1	5
34	34	2
35	35	1
68	68	3
69	69	1
102	102	6
103	103	1
105	105	1
106	104	1
107	106	1
108	108	2
\.


--
-- Data for Name: webapp_invitationcode; Type: TABLE DATA; Schema: public; Owner: kabsueats_user
--

COPY public.webapp_invitationcode (id, code, is_used, created_at, used_by_id) FROM stdin;
\.


--
-- Data for Name: webapp_menuitem; Type: TABLE DATA; Schema: public; Owner: kabsueats_user
--

COPY public.webapp_menuitem (id, name, description, price, image, quantity, is_top_seller, top_seller_marked_at, created_at, updated_at, food_establishment_id) FROM stdin;
1	Our Menu	Pm to order	120.00	media/menu_images/cafes_fvqt3p	10	f	\N	2026-03-20 13:56:55.540014+00	2026-03-20 13:56:55.540029+00	35
37	Monster Cookies	for free if you buy latte!	50.00	media/menu_images/602346133_772546945845887_9194119576123317292_n_ke4grw	10	f	\N	2026-03-20 14:52:56.225326+00	2026-03-20 14:52:56.225345+00	69
38	Match Cookies	for free if you buy latte!	35.00	media/menu_images/603879278_772546989179216_3756003598631287705_n_bnizjm	50	f	\N	2026-03-20 14:53:43.386538+00	2026-03-20 14:53:43.386574+00	69
39	Red Velvet Cake Slice	for free if you buy latte!	50.00	media/menu_images/603067952_772547002512548_2975748327761160381_n_sjlwux	10	f	\N	2026-03-20 14:54:57.036127+00	2026-03-20 14:54:57.036142+00	69
40	S'mores	for free if you buy latte!	50.00	media/menu_images/616534043_790468084053773_7547878955650480045_n_b8em9g	10	f	\N	2026-03-20 14:55:37.295785+00	2026-03-20 14:55:37.295798+00	69
41	Chocolate Chip Cookies	free if you buy latte!	50.00	media/menu_images/615776541_790468120720436_1431353117869200200_n_xynlsz	10	f	\N	2026-03-20 14:58:50.568225+00	2026-03-20 14:58:50.56824+00	69
42	Biscoff Cookies	for free if you buy latte!	50.00	media/menu_images/615488241_790468130720435_1407939416003123148_n_hwlniu	10	f	\N	2026-03-20 14:59:49.861413+00	2026-03-20 14:59:49.861436+00	69
43	Pink Drink	Not available	55.00	media/menu_images/528618461_660426033724646_6873702211272870788_n_qya1mr	1	f	\N	2026-03-20 15:00:33.630418+00	2026-03-20 15:00:33.630433+00	69
35	Matcha	good for all	80.00	media/menu_images/591971598_757327410701174_360910646582600601_n_xqfahf	10	t	2026-03-20 15:00:47.041153+00	2026-03-20 14:48:43.903349+00	2026-03-20 15:00:47.041254+00	69
36	Ice Coffee	Good for everyone	75.00	media/menu_images/594968330_759663480467567_7723451179671189519_n_oxdksv	10	t	2026-03-20 15:00:50.291819+00	2026-03-20 14:50:39.232261+00	2026-03-20 15:00:50.291934+00	69
34	Spanish Latte	Available here in Blk10	60.00	media/menu_images/516404521_636939646073285_7547693393074561442_n_eq7vwh	10	t	2026-03-20 15:00:58.017841+00	2026-03-20 14:47:48.459748+00	2026-03-20 15:00:58.017962+00	69
74	Shawarma Rice	Beek & Chicken	85.00	media/menu_images/unnamed_1_hnviug	10	f	\N	2026-03-20 15:13:26.314134+00	2026-03-20 15:13:26.314161+00	102
75	CrunChos	Beef & Chicken	85.00	media/menu_images/unnamed_mn3q3k	10	f	\N	2026-03-20 15:14:46.202186+00	2026-03-20 15:14:46.202203+00	102
76	Shawarma Wrap	Beef & Chicken	75.00	media/menu_images/unnamed_1_bghulv	10	f	\N	2026-03-20 15:15:42.206347+00	2026-03-20 15:15:42.206364+00	102
110	Chicken wings	With java rice	120.00	media/menu_images/59010c4c-c8ed-4a97-bd4e-127e0e62d576_r0neb1	10	f	\N	2026-03-20 15:39:35.004082+00	2026-03-20 15:39:35.004099+00	1
111	Bolognese	Order now!	115.00	media/menu_images/698864ae-edf2-4a77-9e1b-3859d2d22f5f_ahqluj	10	f	\N	2026-03-20 15:44:31.359105+00	2026-03-20 15:44:31.35912+00	1
114	Pizza Slicer	Flavor : Kongza, Hawaian, Garlic and Cheese pm to order!	250.00	media/menu_images/6d6dc44d-93f7-4ae7-8a30-2012a3c8548c_h3ufhl	10	f	\N	2026-03-20 15:48:24.202326+00	2026-03-20 15:48:24.202343+00	1
109	Fries	Order now!	75.00	media/menu_images/990a143b-1b2e-45a0-9d5b-2a78cb963879_eporde	10	t	2026-03-20 15:48:43.640097+00	2026-03-20 15:38:57.010906+00	2026-03-20 15:48:43.640203+00	1
113	Special tapsilog	Dive into a symphony of flavors that will tantalize you taste buds.	150.00	media/menu_images/b9ab1ddc-8138-4038-866f-c2fcc801c56d_chkade	10	t	2026-03-20 15:48:47.48481+00	2026-03-20 15:46:39.214919+00	2026-03-20 15:48:47.484941+00	1
112	Korean buns	Order now!	75.00	media/menu_images/698864ae-edf2-4a77-9e1b-3859d2d22f5f_jfuora	10	t	2026-03-20 15:48:50.911112+00	2026-03-20 15:45:04.953798+00	2026-03-20 15:48:50.911258+00	1
355	Crooz Clubhouse Sandwich	It is a triple-decker sandwich featuring layers of ham, egg, fresh lettuce, tomato, cucumber, and a creamy spread, served in toasted white bread.	185.00	media/menu_images/Crooz_Cafe9_shmz5z	10	t	2026-03-29 10:47:27.391562+00	2026-03-29 10:47:11.828567+00	2026-03-29 10:47:27.391705+00	105
147	Latte	creamy	90.00	media/menu_images/latte_szvo7p	10	f	\N	2026-03-21 04:01:38.599796+00	2026-03-21 04:01:38.599814+00	103
148	Black Coffee	Strong	80.00	media/menu_images/black_kopi_mkm6ty	10	f	\N	2026-03-21 04:02:09.644786+00	2026-03-21 04:02:09.644802+00	103
182	Mocha kopi	creamy	100.00	media/menu_images/latte_xj9gui	10	f	\N	2026-03-21 04:46:28.604101+00	2026-03-21 04:46:28.604118+00	103
347	Iced Cafe Latte	Prices may vary slightly depending on whether you choose to upgrade to Oat Milk (+₱40) or add an Extra Espresso Shot (+₱50).	130.00	media/menu_images/Crooz_Cafe_ysreoj	10	f	\N	2026-03-29 10:29:33.52714+00	2026-03-29 10:29:33.527156+00	105
348	Crooz Nachos	The Iced Cafe Latte or a fruit-based cooler to balance the savory cheese.	180.00	media/menu_images/Crooz_Cafe1_nxdsqo	10	f	\N	2026-03-29 10:31:43.300482+00	2026-03-29 10:31:43.300498+00	105
349	Fettuccine Alfredo	This creamy pasta pairs perfectly with the Crooz Nachos you had earlier!	180.00	media/menu_images/Crooz_Cafe2_fzrrge	10	f	\N	2026-03-29 10:33:08.769244+00	2026-03-29 10:33:08.769257+00	105
350	Strawberry Matcha Latte	If you prefer a nuttier or creamier finish, you can swap the regular milk for Oat Milk for +₱40.	165.00	media/menu_images/Crooz_Cafe3_jtvd8o	10	f	\N	2026-03-29 10:34:55.427501+00	2026-03-29 10:34:55.427514+00	105
354	Chocolate Chip Oatmeal Cookies	55 per piece	55.00	media/menu_images/Crooz_Cafe7_age2ub	50	t	2026-03-29 10:47:30.068988+00	2026-03-29 10:45:41.481095+00	2026-03-29 10:47:30.069123+00	105
353	Parmesan Fries	Pairing Tip: These salty, cheesy fries go great with the Strawberry Matcha Latte you saw earlier to balance out the flavors!	125.00	media/menu_images/Crooz_Cafe6_evevbd	10	t	2026-03-29 10:47:31.322986+00	2026-03-29 10:43:43.528444+00	2026-03-29 10:47:31.323081+00	105
107	Carbonara	Order now!	115.00	media/menu_images/c5351bf7-bcd5-4cba-8fc8-99966e224f34_obeq2l	4	t	2026-03-20 15:48:54.506977+00	2026-03-20 15:37:18.298994+00	2026-03-20 15:48:54.507076+00	1
351	Creamy Chicken Alfredo	The pasta is prepared with a rich white cream sauce, topped with parmesan, fresh parsley, and seasoned grilled chicken strips.	210.00	media/menu_images/Crooz_Cafe4_lm3asr	10	f	\N	2026-03-29 10:36:28.439198+00	2026-03-29 10:36:28.439213+00	105
352	Beef Nachos	It features corn tortilla chips layered with savory ground beef, tomatoes, onions, and topped with a generous amount of melted cheese sauce.	185.00	media/menu_images/Crooz_Cafe5_uzcjkf	10	t	2026-03-29 10:47:33.206127+00	2026-03-29 10:39:39.797858+00	2026-03-29 10:47:33.206231+00	105
108	Burger	Order now!	115.00	media/menu_images/f64896cf-9dc5-40f0-93c3-49aea7d6a593_pi6rfq	2	t	2026-03-20 15:48:56.605191+00	2026-03-20 15:38:09.249411+00	2026-03-20 15:48:56.605334+00	1
359	Lemon Classic	Buy now!!	50.00	media/menu_images/g5oxC_n4wu4v	30	f	\N	2026-04-07 14:16:01.817113+00	2026-04-07 14:16:01.817132+00	107
360	Lemon Honey	Buy now!!	65.00	media/menu_images/tkMUH_qnxblx	30	f	\N	2026-04-07 14:16:40.652025+00	2026-04-07 14:16:40.652045+00	107
362	Lemon Blueberry	Buy your's now!!	70.00	media/menu_images/wge9y_esvaty	30	f	\N	2026-04-07 14:18:24.444459+00	2026-04-07 14:18:24.444474+00	107
358	Lemon Blue Berry Yakult	Buy your's now!!	85.00	media/menu_images/uI21b_dnjgbp	30	t	2026-04-07 14:18:30.159145+00	2026-04-07 14:15:22.136612+00	2026-04-07 14:18:30.15927+00	107
361	Lemon Cucumber	buy now!!	55.00	media/menu_images/j5xcY_so0lgs	30	t	2026-04-07 14:18:37.051487+00	2026-04-07 14:17:29.987477+00	2026-04-07 14:18:37.051612+00	107
357	Lemon Yakult	Buy Yours Now!!	65.00	media/menu_images/v56QM_knyrfn	30	t	2026-04-07 14:18:41.592695+00	2026-04-07 14:14:44.613985+00	2026-04-07 14:18:41.592898+00	107
356	Lemon Strawberry Yakult	Get your's now!!	85.00	media/menu_images/mxtZT_yw6eo9	50	t	2026-04-07 14:18:45.449646+00	2026-04-07 14:13:21.463028+00	2026-04-07 14:18:45.449737+00	107
364	Beef Stew Potato	Beef Chunks, Gravy, Carrots, Peas	149.00	media/menu_images/pOnSF_sxxcp9	10	f	\N	2026-04-08 04:29:23.080036+00	2026-04-08 04:29:23.080055+00	109
365	Chicken Curry Jack	Chicken Curry, Potatoes, Coconut Milk	139.00	media/menu_images/KHdMU_orkasx	10	f	\N	2026-04-08 04:30:40.399555+00	2026-04-08 04:30:40.399571+00	109
366	Tuna Melt	Tuna, Melted Mozzorolla, Herbs	139.00	media/menu_images/BihQv_ipq0tj	10	f	\N	2026-04-08 04:31:58.448604+00	2026-04-08 04:31:58.448619+00	109
367	Mexican Fiesta	Salsa, Guacamole, Sour Cream, Olives	149.00	media/menu_images/EhDIT_qlxuv5	1	f	\N	2026-04-08 04:33:00.29797+00	2026-04-08 04:33:00.297987+00	109
368	Garlic Parmesan	Garlic Butter, Parmesan, Pesley	149.00	media/menu_images/qkIOH_bhqoqp	10	f	\N	2026-04-08 04:34:03.855917+00	2026-04-08 04:34:03.855934+00	109
369	BBQ Pulled Pork	Pulled Pork, Bbq Sauce, Coleslaw	149.00	media/menu_images/qG2fA_bg4pbu	1	f	\N	2026-04-08 04:35:01.667603+00	2026-04-08 04:35:01.66762+00	109
370	Mushroom Swiss	Sauteed Mushrooms, Swiss Cheese, Onion	159.00	media/menu_images/wON2p_atsjso	10	f	\N	2026-04-08 04:36:17.324435+00	2026-04-08 04:36:17.324449+00	109
363	Loaded Cheese Bacon	Cheddar Cheese, Bacon Bits, Sour Cream	119.00	media/menu_images/uRRqK_ymchhl	10	t	2026-04-08 04:36:40.707121+00	2026-04-08 04:27:46.605589+00	2026-04-08 04:36:40.707255+00	109
371	Coffee Jelly	good	120.00	media/menu_images/Screenshot_2026-04-11_060956_agwycp	10	f	\N	2026-04-11 10:11:03.506787+00	2026-04-11 10:14:00.209915+00	104
372	Burnt CheeseCake	Cheesy	130.00	media/menu_images/Screenshot_2026-04-11_061654_c5npyd	10	f	\N	2026-04-11 10:18:24.054596+00	2026-04-11 10:18:24.054613+00	104
373	Matcha Float	/	120.00	media/menu_images/matcha_notgii	10	f	\N	2026-04-11 10:41:44.77693+00	2026-04-11 10:43:16.05241+00	104
374	Long Silog	/	90.00	media/menu_images/Screenshot_2026-04-11_065228_qi5vx4	10	t	2026-04-11 10:55:50.111984+00	2026-04-11 10:53:08.754556+00	2026-04-11 10:55:50.112125+00	104
375	Hot Silog	/	110.00	media/menu_images/Screenshot_2026-04-11_065211_xzzbkk	10	f	\N	2026-04-11 10:56:48.224243+00	2026-04-11 10:56:48.224262+00	104
379	Oreo Cream Croffle	Soft	120.00	media/menu_images/Screenshot_2026-04-11_070425_xaasru	10	f	\N	2026-04-11 11:05:10.676658+00	2026-04-11 11:05:10.676674+00	104
380	Liempo Inasal	With Unlimited Rice and Soup	165.00	media/menu_images/6c45aca8-6fd5-4b4f-b75b-e0deeb00d55f_dgheb0	5	f	\N	2026-04-11 11:12:26.590506+00	2026-04-11 11:13:22.935738+00	34
381	Pork Barbeque	With Unlimited Rice and Soup	109.00	media/menu_images/19b536ac-e4b0-4c40-abf2-dd8073be6a26_fmtnhf	5	f	\N	2026-04-11 11:15:38.86943+00	2026-04-11 11:15:38.869446+00	34
382	Pork Sisig	With Unlimited Rice and Soup	119.00	media/menu_images/25a0643b-b354-4729-bff7-b099eb69addf_uautli	10	f	\N	2026-04-11 11:20:13.373299+00	2026-04-11 11:20:13.373313+00	34
384	Chicken Inasal Pak Pak	With Unlimited Rice and Soup	129.00	media/menu_images/8feabbe8-edcf-4a19-b5f1-80d0e58b7f3d_1_wr28vv	10	f	\N	2026-04-11 11:23:28.919435+00	2026-04-11 11:23:28.919455+00	34
383	Chicken Inasal Paa	With Unlimited Rice and Soup	139.00	media/menu_images/Screenshot_2026-04-11_072102_wwtuvd	8	t	2026-04-11 11:23:41.021408+00	2026-04-11 11:21:57.612277+00	2026-04-11 11:23:41.021536+00	34
\.


--
-- Data for Name: webapp_message; Type: TABLE DATA; Schema: public; Owner: kabsueats_user
--

COPY public.webapp_message (id, content, is_read, created_at, is_hidden_for_sender, chat_room_id, sender_id) FROM stdin;
35	Hi po	t	2026-03-29 06:59:01.92931+00	f	133	2
36	Hi puge	t	2026-03-29 11:30:29.708405+00	f	134	35
37	Hi po	f	2026-03-30 02:23:49.595205+00	f	135	175
1	Hey 👋	t	2026-03-21 16:37:34.724945+00	f	100	104
38	hii	f	2026-03-30 06:51:58.006433+00	f	35	35
\.


--
-- Data for Name: webapp_order; Type: TABLE DATA; Schema: public; Owner: kabsueats_user
--

COPY public.webapp_order (id, status, total_amount, gcash_reference_number, gcash_payment_method, payment_confirmed_at, paymongo_checkout_id, created_at, updated_at, establishment_id, user_id, stock_deducted, cancelled_from_status, owner_dismissed, cancel_reason) FROM stdin;
568	cancelled	615.00	CASH-567-20260329040724	cash	2026-03-29 04:07:24.940988+00	\N	2026-03-29 04:07:24.941206+00	2026-03-29 04:08:02.943878+00	1	174	f		t	I changed my mind.
34	request	525.00	CASH-1-20260320160553	cash	2026-03-20 16:05:53.144167+00	\N	2026-03-20 16:05:53.144372+00	2026-03-20 16:05:53.144377+00	69	104	f		f	
434	cancelled	115.00	CASH-433-20260323103355	cash	2026-03-23 10:33:55.956114+00	\N	2026-03-23 10:33:55.956468+00	2026-03-24 13:17:57.649559+00	1	2	f		t	
580	cancelled	115.00	CASH-579-20260329051010	cash	2026-03-29 05:10:10.646249+00	\N	2026-03-29 05:10:10.646458+00	2026-03-29 05:11:14.847583+00	1	2	f		t	I ordered by mistake.
586	cancelled	1165.00	CASH-585-20260330064823	cash	2026-03-30 06:48:23.916252+00	\N	2026-03-30 06:48:23.91667+00	2026-03-30 07:02:43.754853+00	1	35	f		t	I changed my mind.
301	cancelled	230.00	CASH-300-20260321163227	cash	2026-03-21 16:32:27.756876+00	\N	2026-03-21 16:32:27.757094+00	2026-03-21 16:44:30.51877+00	1	104	f		t	
572	request	85.00	CASH-569-20260329041007	cash	2026-03-29 04:10:07.557459+00	\N	2026-03-29 04:10:07.557786+00	2026-03-29 04:10:07.557795+00	102	174	f		f	
267	cancelled	865.00	CASH-235-20260321090847	cash	2026-03-21 09:08:47.869945+00	\N	2026-03-21 09:08:47.870313+00	2026-03-22 13:09:52.155271+00	1	2	f		t	
603	request	575.00	CASH-602-20260407070802	cash	2026-04-07 07:08:02.447096+00	\N	2026-04-07 07:08:02.447534+00	2026-04-07 07:08:02.447543+00	1	2	f		f	
571	cancelled	115.00	CASH-570-20260329041007	cash	2026-03-29 04:10:07.17487+00	\N	2026-03-29 04:10:07.175089+00	2026-03-29 05:01:56.850895+00	1	174	f	to_pay	t	
582	cancelled	115.00	CASH-581-20260329055556	cash	2026-03-29 05:55:56.444837+00	\N	2026-03-29 05:55:56.445387+00	2026-03-29 05:56:08.557913+00	1	2	f	request	t	Sorry, we are currently experiencing a high volume of orders and cannot accept new requests at this time. Please try later.
574	cancelled	115.00	CASH-573-20260329050336	cash	2026-03-29 05:03:36.376372+00	\N	2026-03-29 05:03:36.376683+00	2026-03-29 05:04:20.810403+00	1	2	f		t	I want to change my order.
202	cancelled	75.00	CASH-201-20260321083044	cash	2026-03-21 08:30:44.850903+00	\N	2026-03-21 08:30:44.851147+00	2026-03-21 08:31:57.195633+00	1	2	f		t	
576	cancelled	115.00	CASH-575-20260329050626	cash	2026-03-29 05:06:26.14546+00	\N	2026-03-29 05:06:26.145807+00	2026-03-29 05:07:02.44442+00	1	2	f	request	t	Sorry, we are currently experiencing a high volume of orders and cannot accept new requests at this time. Please try later.
578	cancelled	115.00	CASH-578-20260329050825	cash	2026-03-29 05:08:25.842279+00	\N	2026-03-29 05:08:06.204089+00	2026-03-29 05:09:22.550177+00	1	2	f	to_claim	t	Sorry, your order has been cancelled due to a payment discrepancy. Please contact the establishment for assistance.
535	cancelled	75.00	CASH-534-20260328093343	cash	2026-03-28 09:33:43.18683+00	\N	2026-03-28 09:33:43.1871+00	2026-03-28 11:25:15.055484+00	1	2	f	request	t	Sorry, we are closing soon and are unable to fulfill your order at this time. Please try again during operating hours.
584	cancelled	115.00	CASH-583-20260330021915	cash	2026-03-30 02:19:15.372312+00	\N	2026-03-30 02:19:15.372621+00	2026-04-07 07:05:46.068233+00	1	175	f	request	f	Sorry, one or more items in your order are currently out of stock. Please reorder with available items.
600	preparing	345.00	cs_8efff24ef3f318bbf33dad90	gcash	2026-04-07 07:10:24.728119+00	cs_8efff24ef3f318bbf33dad90	2026-04-07 07:06:47.057993+00	2026-04-07 07:10:24.728272+00	1	139	t		f	
591	cancelled	665.00	CASH-589-20260330070117	cash	2026-03-30 07:01:17.147504+00	\N	2026-03-30 07:01:17.147961+00	2026-04-12 14:31:39.202896+00	105	35	f		f	I ordered by mistake.
598	cancelled	85.00	CASH-597-20260331095534	cash	2026-03-31 09:55:34.962543+00	\N	2026-03-31 09:55:34.96282+00	2026-04-12 14:31:42.87019+00	102	35	f		f	I ordered by mistake.
367	completed	1150.00	cs_bb52ec11f5f5394543e41db4	gcash	2026-03-23 09:31:32.300826+00	cs_bb52ec11f5f5394543e41db4	2026-03-23 09:28:08.951504+00	2026-03-23 10:19:59.103422+00	1	139	t		f	
401	completed	115.00	CASH-401-20260323100852	cash	2026-03-23 10:08:52.15679+00	\N	2026-03-23 10:08:15.886975+00	2026-03-23 10:21:19.146655+00	1	2	t		f	
\.


--
-- Data for Name: webapp_orderitem; Type: TABLE DATA; Schema: public; Owner: kabsueats_user
--

COPY public.webapp_orderitem (id, quantity, price_at_order, created_at, updated_at, menu_item_id, order_id) FROM stdin;
766	3	185.00	2026-03-30 07:42:23.554806+00	2026-03-30 10:37:53.951121+00	352	591
34	7	75.00	2026-03-20 16:05:53.152956+00	2026-03-20 16:05:53.152969+00	36	34
772	1	85.00	2026-03-31 09:55:34.984259+00	2026-03-31 09:55:34.984274+00	75	598
774	3	115.00	2026-04-07 07:06:47.148795+00	2026-04-07 07:06:47.148808+00	108	600
777	5	115.00	2026-04-07 07:08:02.457078+00	2026-04-07 07:08:02.457092+00	108	603
501	5	115.00	2026-03-23 09:28:08.961898+00	2026-03-23 09:28:08.961916+00	108	367
502	5	115.00	2026-03-23 09:28:08.968769+00	2026-03-23 09:28:08.968786+00	107	367
534	1	115.00	2026-03-23 10:08:15.891527+00	2026-03-23 10:08:15.891537+00	107	401
567	1	115.00	2026-03-23 10:33:55.971071+00	2026-03-23 10:33:55.971084+00	108	434
704	1	75.00	2026-03-28 09:33:43.19101+00	2026-03-28 09:33:43.191018+00	112	535
738	1	115.00	2026-03-29 04:07:24.94482+00	2026-03-29 04:07:24.94483+00	108	568
739	2	250.00	2026-03-29 04:07:24.949256+00	2026-03-29 04:07:24.949263+00	114	568
336	7	75.00	2026-03-21 09:08:47.876715+00	2026-03-21 09:08:47.876727+00	109	267
337	2	75.00	2026-03-21 09:08:47.881815+00	2026-03-21 09:08:47.881827+00	112	267
339	1	115.00	2026-03-21 09:08:47.964514+00	2026-03-21 09:08:47.964529+00	108	267
368	2	115.00	2026-03-21 16:32:27.763029+00	2026-03-21 16:32:27.763037+00	107	301
742	1	115.00	2026-03-29 04:10:07.182471+00	2026-03-29 04:10:07.182479+00	107	571
743	1	85.00	2026-03-29 04:10:07.563696+00	2026-03-29 04:10:07.563704+00	75	572
745	1	115.00	2026-03-29 05:03:36.445251+00	2026-03-29 05:03:36.445266+00	108	574
747	1	115.00	2026-03-29 05:06:26.151649+00	2026-03-29 05:06:26.151665+00	108	576
749	1	115.00	2026-03-29 05:08:06.242907+00	2026-03-29 05:08:06.242917+00	108	578
751	1	115.00	2026-03-29 05:10:10.650167+00	2026-03-29 05:10:10.650178+00	108	580
753	1	115.00	2026-03-29 05:55:56.449934+00	2026-03-29 05:55:56.449942+00	108	582
755	1	115.00	2026-03-30 02:19:15.376556+00	2026-03-30 02:19:15.376567+00	108	584
757	10	75.00	2026-03-30 06:48:23.921385+00	2026-03-30 06:48:23.921398+00	112	586
759	2	150.00	2026-03-30 06:50:09.952056+00	2026-03-30 06:50:09.952072+00	113	586
763	1	115.00	2026-03-30 07:01:15.56707+00	2026-03-30 07:01:15.567113+00	107	586
764	2	55.00	2026-03-30 07:01:17.157773+00	2026-03-30 07:01:17.15779+00	354	591
\.


--
-- Data for Name: webapp_ordernotification; Type: TABLE DATA; Schema: public; Owner: kabsueats_user
--

COPY public.webapp_ordernotification (id, notification_type, message, is_read, created_at, read_at, establishment_id, order_id) FROM stdin;
35	order_cancelled	Order #202 was cancelled by the customer.	t	2026-03-21 08:31:57.202337+00	2026-03-21 08:38:00.408693+00	1	202
34	new_order	New cash order #202 from robbyrossmajaba16@gmail.com	t	2026-03-21 08:30:44.866024+00	2026-03-21 08:38:04.144168+00	1	202
67	new_order	New cash order #267 from robbyrossmajaba16@gmail.com	t	2026-03-21 09:08:47.975566+00	2026-03-22 13:12:40.66291+00	1	267
100	new_order	New cash order #301 from bc.kayla.tizon	t	2026-03-21 16:32:27.77504+00	2026-03-22 13:12:40.66291+00	1	301
133	order_update	Your order #301 has been accepted! Please proceed to payment.	t	2026-03-21 16:34:42.557627+00	2026-03-22 13:12:40.66291+00	1	301
166	order_cancelled	Your order #301 has been rejected by the establishment.	t	2026-03-21 16:44:30.617627+00	2026-03-22 13:12:40.66291+00	1	301
167	order_cancelled	Your order #267 has been rejected by the establishment.	t	2026-03-22 13:09:52.160871+00	2026-03-22 13:12:40.66291+00	1	267
168	new_order	New cash order #367 from davizconchina082302	t	2026-03-23 09:28:08.988902+00	2026-03-24 13:14:36.32829+00	1	367
169	order_update	Your order #367 has been accepted! Please proceed to payment.	t	2026-03-23 09:28:29.266727+00	2026-03-24 13:14:36.32829+00	1	367
201	new_order	New order #367 from davizconchina082302 - ₱1150.00	t	2026-03-23 09:31:32.303146+00	2026-03-24 13:14:36.32829+00	1	367
234	new_order	New cash order #401 from robbyrossmajaba16@gmail.com	t	2026-03-23 10:08:15.901338+00	2026-03-24 13:14:36.32829+00	1	401
235	order_update	Your order #401 has been accepted! Please proceed to payment.	t	2026-03-23 10:08:28.792285+00	2026-03-24 13:14:36.32829+00	1	401
236	new_order	New cash order #401 from robbyrossmajaba16@gmail.com	t	2026-03-23 10:08:52.195965+00	2026-03-24 13:14:36.32829+00	1	401
267	order_update	Your order #367 is ready for pickup!	t	2026-03-23 10:19:54.255028+00	2026-03-24 13:14:36.32829+00	1	367
268	order_update	Order #367 has been completed	t	2026-03-23 10:19:59.14843+00	2026-03-24 13:14:36.32829+00	1	367
269	order_update	Your order #401 is ready for pickup!	t	2026-03-23 10:21:14.538531+00	2026-03-24 13:14:36.32829+00	1	401
270	order_update	Order #401 has been completed	t	2026-03-23 10:21:19.15107+00	2026-03-24 13:14:36.32829+00	1	401
300	new_order	New cash order #434 from robbyrossmajaba16@gmail.com	t	2026-03-23 10:33:56.157827+00	2026-03-24 13:14:36.32829+00	1	434
301	order_update	Your order #434 has been accepted! Please proceed to payment.	t	2026-03-23 10:34:13.056965+00	2026-03-24 13:14:36.32829+00	1	434
333	order_cancelled	Your order #434 has been rejected by the establishment.	t	2026-03-24 13:17:57.662957+00	2026-03-24 13:18:37.545982+00	1	434
334	new_order	New cash order #535 from robbyrossmajaba16@gmail.com	t	2026-03-28 09:33:43.199591+00	2026-03-28 12:10:19.205987+00	1	535
367	order_cancelled	Your order #535 has been rejected by the establishment.	t	2026-03-28 11:25:15.065013+00	2026-03-28 12:10:19.205987+00	1	535
1	new_order	New cash order #34 from bc.kayla.tizon	t	2026-03-20 16:05:53.163361+00	2026-03-28 12:38:51.230334+00	69	34
371	new_order	New cash order #572 from z67565644	f	2026-03-29 04:10:07.577744+00	\N	102	572
372	order_update	Your order #571 has been accepted! Please proceed to payment.	t	2026-03-29 04:50:25.665152+00	2026-03-29 04:52:53.147653+00	1	571
370	new_order	New cash order #571 from z67565644	t	2026-03-29 04:10:07.200982+00	2026-03-29 04:52:55.565937+00	1	571
369	order_cancelled	Order #568 was cancelled by the customer.	t	2026-03-29 04:08:02.949948+00	2026-03-29 04:52:57.784938+00	1	568
368	new_order	New cash order #568 from z67565644	t	2026-03-29 04:07:25.002756+00	2026-03-29 04:52:59.954845+00	1	568
373	order_cancelled	Your order #571 has been rejected by the establishment.	t	2026-03-29 05:01:56.856083+00	2026-03-29 05:02:54.624437+00	1	571
374	new_order	New cash order #574 from robbyrossmajaba16@gmail.com	t	2026-03-29 05:03:36.456339+00	2026-03-29 05:03:48.64727+00	1	574
375	order_cancelled	Order #574 was cancelled by the customer.	t	2026-03-29 05:04:20.845367+00	2026-03-29 05:04:38.456243+00	1	574
376	new_order	New cash order #576 from robbyrossmajaba16@gmail.com	t	2026-03-29 05:06:26.164922+00	2026-03-29 05:06:37.239238+00	1	576
381	order_update	Your order #578 is ready for pickup!	t	2026-03-29 05:08:49.380282+00	2026-03-29 05:10:29.960826+00	1	578
380	new_order	New cash order #578 from robbyrossmajaba16@gmail.com	t	2026-03-29 05:08:25.958818+00	2026-03-29 05:10:32.845027+00	1	578
379	order_update	Your order #578 has been accepted! Please proceed to payment.	t	2026-03-29 05:08:16.4488+00	2026-03-29 05:10:37.747374+00	1	578
384	order_cancelled	Order #580 was cancelled by the customer.	t	2026-03-29 05:11:14.854567+00	2026-03-29 09:46:33.274003+00	1	580
383	new_order	New cash order #580 from robbyrossmajaba16@gmail.com	t	2026-03-29 05:10:10.659788+00	2026-03-29 09:46:34.950737+00	1	580
386	order_cancelled	Your order #582 has been rejected by the establishment.	t	2026-03-29 05:56:08.565233+00	2026-03-29 09:46:35.357609+00	1	582
385	new_order	New cash order #582 from robbyrossmajaba16@gmail.com	t	2026-03-29 05:55:56.460929+00	2026-03-29 09:46:35.866334+00	1	582
382	order_cancelled	Your order #578 has been rejected by the establishment.	t	2026-03-29 05:09:22.555071+00	2026-03-29 09:46:36.251877+00	1	578
389	new_order	New cash order #591 from robbyrosstanaelmajaba16@gmail.com	f	2026-03-30 07:01:17.178329+00	\N	105	591
391	new_order	New cash order #598 from robbyrosstanaelmajaba16@gmail.com	f	2026-03-31 09:55:35.031584+00	\N	102	598
377	order_cancelled	Your order #576 has been rejected by the establishment.	t	2026-03-29 05:07:02.450685+00	2026-04-07 07:09:58.765596+00	1	576
378	new_order	New cash order #578 from robbyrossmajaba16@gmail.com	t	2026-03-29 05:08:06.258603+00	2026-04-07 07:09:58.765596+00	1	578
388	new_order	New cash order #586 from robbyrosstanaelmajaba16@gmail.com	t	2026-03-30 06:48:23.933937+00	2026-04-07 07:09:58.765596+00	1	586
392	order_cancelled	Your order #584 has been rejected by the establishment.	t	2026-04-07 07:05:46.077346+00	2026-04-07 07:09:58.765596+00	1	584
393	new_order	New cash order #600 from davizconchina082302	t	2026-04-07 07:06:47.245903+00	2026-04-07 07:09:58.765596+00	1	600
394	new_order	New cash order #603 from robbyrossmajaba16@gmail.com	t	2026-04-07 07:08:02.471131+00	2026-04-07 07:09:58.765596+00	1	603
395	to_pay	Your order #600 has been accepted! Please proceed to payment.	t	2026-04-07 07:09:12.368636+00	2026-04-07 07:09:58.765596+00	1	600
396	order_cancelled	Order #591 was cancelled by the customer.	f	2026-04-12 14:31:39.214956+00	\N	105	591
397	order_cancelled	Order #598 was cancelled by the customer.	f	2026-04-12 14:31:42.885724+00	\N	102	598
\.


--
-- Data for Name: webapp_otp; Type: TABLE DATA; Schema: public; Owner: kabsueats_user
--

COPY public.webapp_otp (id, email, code, created_at, attempts) FROM stdin;
1	melmajaba23@mail.com	759904	2026-03-20 13:03:17.02492+00	0
2	melmajaba12@gmail.com	391501	2026-03-20 13:07:07.920944+00	0
3	alvarezhayro1@mail.com	416178	2026-03-20 13:09:23.717119+00	0
44	melmajaba23@gmail.com	633988	2026-03-22 13:47:38.932592+00	0
\.


--
-- Data for Name: webapp_review; Type: TABLE DATA; Schema: public; Owner: kabsueats_user
--

COPY public.webapp_review (id, rating, comment, image, created_at, updated_at, establishment_id, user_id) FROM stdin;
1	5	solid food nila at mura!!		2026-03-28 12:39:58.192169+00	2026-03-28 12:39:58.192179+00	1	2
\.


--
-- Data for Name: webapp_userprofile; Type: TABLE DATA; Schema: public; Owner: kabsueats_user
--

COPY public.webapp_userprofile (id, profile_image, default_latitude, default_longitude, created_at, updated_at, user_id) FROM stdin;
173		\N	\N	2026-03-22 14:54:35.684734+00	2026-03-29 12:28:09.448803+00	173
175		\N	\N	2026-03-30 02:04:10.700287+00	2026-03-30 02:04:10.765408+00	175
2		\N	\N	2026-03-20 13:25:39.898536+00	2026-04-07 07:04:59.153605+00	2
139		\N	\N	2026-03-21 04:35:26.399407+00	2026-04-07 11:17:21.804396+00	139
36		\N	\N	2026-03-20 13:53:41.267934+00	2026-03-20 13:53:47.751677+00	36
69		\N	\N	2026-03-20 14:24:20.969733+00	2026-03-20 14:24:27.444827+00	69
70		\N	\N	2026-03-20 14:40:23.980698+00	2026-03-20 14:40:29.938031+00	70
176		\N	\N	2026-04-07 13:56:18.059725+00	2026-04-07 13:56:24.928891+00	176
103		\N	\N	2026-03-20 15:07:56.355078+00	2026-03-20 15:08:02.897939+00	103
104		\N	\N	2026-03-20 15:51:40.230609+00	2026-03-20 15:51:40.277741+00	104
177		\N	\N	2026-04-07 14:06:29.24809+00	2026-04-07 14:06:35.906475+00	177
178		\N	\N	2026-04-08 04:07:45.78978+00	2026-04-08 04:07:51.80172+00	178
179		\N	\N	2026-04-08 04:24:45.103495+00	2026-04-08 04:24:51.547812+00	179
138		\N	\N	2026-03-21 04:24:22.988083+00	2026-04-11 10:19:29.346481+00	138
1		\N	\N	2026-03-19 14:57:01.156348+00	2026-04-13 02:14:41.930628+00	1
35	media/profile_images/Crooz_Cafe1_fwqvkm	\N	\N	2026-03-20 13:42:22.417124+00	2026-04-13 06:17:50.21719+00	35
137		\N	\N	2026-03-21 04:00:04.110716+00	2026-03-21 04:39:57.895935+00	137
172		\N	\N	2026-03-21 04:41:54.41447+00	2026-03-21 04:41:54.511382+00	172
174		\N	\N	2026-03-29 04:05:37.740955+00	2026-03-29 04:05:37.772245+00	174
\.


--
-- Name: auth_group_id_seq; Type: SEQUENCE SET; Schema: public; Owner: kabsueats_user
--

SELECT pg_catalog.setval('public.auth_group_id_seq', 1, false);


--
-- Name: auth_group_permissions_id_seq; Type: SEQUENCE SET; Schema: public; Owner: kabsueats_user
--

SELECT pg_catalog.setval('public.auth_group_permissions_id_seq', 1, false);


--
-- Name: auth_permission_id_seq; Type: SEQUENCE SET; Schema: public; Owner: kabsueats_user
--

SELECT pg_catalog.setval('public.auth_permission_id_seq', 108, true);


--
-- Name: auth_user_groups_id_seq; Type: SEQUENCE SET; Schema: public; Owner: kabsueats_user
--

SELECT pg_catalog.setval('public.auth_user_groups_id_seq', 1, false);


--
-- Name: auth_user_id_seq; Type: SEQUENCE SET; Schema: public; Owner: kabsueats_user
--

SELECT pg_catalog.setval('public.auth_user_id_seq', 179, true);


--
-- Name: auth_user_user_permissions_id_seq; Type: SEQUENCE SET; Schema: public; Owner: kabsueats_user
--

SELECT pg_catalog.setval('public.auth_user_user_permissions_id_seq', 1, false);


--
-- Name: django_admin_log_id_seq; Type: SEQUENCE SET; Schema: public; Owner: kabsueats_user
--

SELECT pg_catalog.setval('public.django_admin_log_id_seq', 13, true);


--
-- Name: django_content_type_id_seq; Type: SEQUENCE SET; Schema: public; Owner: kabsueats_user
--

SELECT pg_catalog.setval('public.django_content_type_id_seq', 27, true);


--
-- Name: django_migrations_id_seq; Type: SEQUENCE SET; Schema: public; Owner: kabsueats_user
--

SELECT pg_catalog.setval('public.django_migrations_id_seq', 32, true);


--
-- Name: webapp_amenity_id_seq; Type: SEQUENCE SET; Schema: public; Owner: kabsueats_user
--

SELECT pg_catalog.setval('public.webapp_amenity_id_seq', 7, true);


--
-- Name: webapp_businesshours_id_seq; Type: SEQUENCE SET; Schema: public; Owner: kabsueats_user
--

SELECT pg_catalog.setval('public.webapp_businesshours_id_seq', 7, true);


--
-- Name: webapp_cart_id_seq; Type: SEQUENCE SET; Schema: public; Owner: kabsueats_user
--

SELECT pg_catalog.setval('public.webapp_cart_id_seq', 1, false);


--
-- Name: webapp_cartitem_id_seq; Type: SEQUENCE SET; Schema: public; Owner: kabsueats_user
--

SELECT pg_catalog.setval('public.webapp_cartitem_id_seq', 1, false);


--
-- Name: webapp_category_id_seq; Type: SEQUENCE SET; Schema: public; Owner: kabsueats_user
--

SELECT pg_catalog.setval('public.webapp_category_id_seq', 6, true);


--
-- Name: webapp_chatroom_id_seq; Type: SEQUENCE SET; Schema: public; Owner: kabsueats_user
--

SELECT pg_catalog.setval('public.webapp_chatroom_id_seq', 135, true);


--
-- Name: webapp_day_id_seq; Type: SEQUENCE SET; Schema: public; Owner: kabsueats_user
--

SELECT pg_catalog.setval('public.webapp_day_id_seq', 1, false);


--
-- Name: webapp_establishmentcontactlink_id_seq; Type: SEQUENCE SET; Schema: public; Owner: kabsueats_user
--

SELECT pg_catalog.setval('public.webapp_establishmentcontactlink_id_seq', 1, true);


--
-- Name: webapp_favoriteestablishment_id_seq; Type: SEQUENCE SET; Schema: public; Owner: kabsueats_user
--

SELECT pg_catalog.setval('public.webapp_favoriteestablishment_id_seq', 1, false);


--
-- Name: webapp_favoritemenuitem_id_seq; Type: SEQUENCE SET; Schema: public; Owner: kabsueats_user
--

SELECT pg_catalog.setval('public.webapp_favoritemenuitem_id_seq', 70, true);


--
-- Name: webapp_feature_id_seq; Type: SEQUENCE SET; Schema: public; Owner: kabsueats_user
--

SELECT pg_catalog.setval('public.webapp_feature_id_seq', 1, false);


--
-- Name: webapp_foodestablishment_amenities_id_seq; Type: SEQUENCE SET; Schema: public; Owner: kabsueats_user
--

SELECT pg_catalog.setval('public.webapp_foodestablishment_amenities_id_seq', 118, true);


--
-- Name: webapp_foodestablishment_categories_id_seq; Type: SEQUENCE SET; Schema: public; Owner: kabsueats_user
--

SELECT pg_catalog.setval('public.webapp_foodestablishment_categories_id_seq', 108, true);


--
-- Name: webapp_foodestablishment_id_seq; Type: SEQUENCE SET; Schema: public; Owner: kabsueats_user
--

SELECT pg_catalog.setval('public.webapp_foodestablishment_id_seq', 109, true);


--
-- Name: webapp_invitationcode_id_seq; Type: SEQUENCE SET; Schema: public; Owner: kabsueats_user
--

SELECT pg_catalog.setval('public.webapp_invitationcode_id_seq', 1, false);


--
-- Name: webapp_menuitem_id_seq; Type: SEQUENCE SET; Schema: public; Owner: kabsueats_user
--

SELECT pg_catalog.setval('public.webapp_menuitem_id_seq', 384, true);


--
-- Name: webapp_message_id_seq; Type: SEQUENCE SET; Schema: public; Owner: kabsueats_user
--

SELECT pg_catalog.setval('public.webapp_message_id_seq', 38, true);


--
-- Name: webapp_order_id_seq; Type: SEQUENCE SET; Schema: public; Owner: kabsueats_user
--

SELECT pg_catalog.setval('public.webapp_order_id_seq', 603, true);


--
-- Name: webapp_orderitem_id_seq; Type: SEQUENCE SET; Schema: public; Owner: kabsueats_user
--

SELECT pg_catalog.setval('public.webapp_orderitem_id_seq', 777, true);


--
-- Name: webapp_ordernotification_id_seq; Type: SEQUENCE SET; Schema: public; Owner: kabsueats_user
--

SELECT pg_catalog.setval('public.webapp_ordernotification_id_seq', 397, true);


--
-- Name: webapp_otp_id_seq; Type: SEQUENCE SET; Schema: public; Owner: kabsueats_user
--

SELECT pg_catalog.setval('public.webapp_otp_id_seq', 49, true);


--
-- Name: webapp_review_id_seq; Type: SEQUENCE SET; Schema: public; Owner: kabsueats_user
--

SELECT pg_catalog.setval('public.webapp_review_id_seq', 1, true);


--
-- Name: webapp_userprofile_id_seq; Type: SEQUENCE SET; Schema: public; Owner: kabsueats_user
--

SELECT pg_catalog.setval('public.webapp_userprofile_id_seq', 179, true);


--
-- Name: auth_group auth_group_name_key; Type: CONSTRAINT; Schema: public; Owner: kabsueats_user
--

ALTER TABLE ONLY public.auth_group
    ADD CONSTRAINT auth_group_name_key UNIQUE (name);


--
-- Name: auth_group_permissions auth_group_permissions_group_id_permission_id_0cd325b0_uniq; Type: CONSTRAINT; Schema: public; Owner: kabsueats_user
--

ALTER TABLE ONLY public.auth_group_permissions
    ADD CONSTRAINT auth_group_permissions_group_id_permission_id_0cd325b0_uniq UNIQUE (group_id, permission_id);


--
-- Name: auth_group_permissions auth_group_permissions_pkey; Type: CONSTRAINT; Schema: public; Owner: kabsueats_user
--

ALTER TABLE ONLY public.auth_group_permissions
    ADD CONSTRAINT auth_group_permissions_pkey PRIMARY KEY (id);


--
-- Name: auth_group auth_group_pkey; Type: CONSTRAINT; Schema: public; Owner: kabsueats_user
--

ALTER TABLE ONLY public.auth_group
    ADD CONSTRAINT auth_group_pkey PRIMARY KEY (id);


--
-- Name: auth_permission auth_permission_content_type_id_codename_01ab375a_uniq; Type: CONSTRAINT; Schema: public; Owner: kabsueats_user
--

ALTER TABLE ONLY public.auth_permission
    ADD CONSTRAINT auth_permission_content_type_id_codename_01ab375a_uniq UNIQUE (content_type_id, codename);


--
-- Name: auth_permission auth_permission_pkey; Type: CONSTRAINT; Schema: public; Owner: kabsueats_user
--

ALTER TABLE ONLY public.auth_permission
    ADD CONSTRAINT auth_permission_pkey PRIMARY KEY (id);


--
-- Name: auth_user_groups auth_user_groups_pkey; Type: CONSTRAINT; Schema: public; Owner: kabsueats_user
--

ALTER TABLE ONLY public.auth_user_groups
    ADD CONSTRAINT auth_user_groups_pkey PRIMARY KEY (id);


--
-- Name: auth_user_groups auth_user_groups_user_id_group_id_94350c0c_uniq; Type: CONSTRAINT; Schema: public; Owner: kabsueats_user
--

ALTER TABLE ONLY public.auth_user_groups
    ADD CONSTRAINT auth_user_groups_user_id_group_id_94350c0c_uniq UNIQUE (user_id, group_id);


--
-- Name: auth_user auth_user_pkey; Type: CONSTRAINT; Schema: public; Owner: kabsueats_user
--

ALTER TABLE ONLY public.auth_user
    ADD CONSTRAINT auth_user_pkey PRIMARY KEY (id);


--
-- Name: auth_user_user_permissions auth_user_user_permissions_pkey; Type: CONSTRAINT; Schema: public; Owner: kabsueats_user
--

ALTER TABLE ONLY public.auth_user_user_permissions
    ADD CONSTRAINT auth_user_user_permissions_pkey PRIMARY KEY (id);


--
-- Name: auth_user_user_permissions auth_user_user_permissions_user_id_permission_id_14a6b632_uniq; Type: CONSTRAINT; Schema: public; Owner: kabsueats_user
--

ALTER TABLE ONLY public.auth_user_user_permissions
    ADD CONSTRAINT auth_user_user_permissions_user_id_permission_id_14a6b632_uniq UNIQUE (user_id, permission_id);


--
-- Name: auth_user auth_user_username_key; Type: CONSTRAINT; Schema: public; Owner: kabsueats_user
--

ALTER TABLE ONLY public.auth_user
    ADD CONSTRAINT auth_user_username_key UNIQUE (username);


--
-- Name: django_admin_log django_admin_log_pkey; Type: CONSTRAINT; Schema: public; Owner: kabsueats_user
--

ALTER TABLE ONLY public.django_admin_log
    ADD CONSTRAINT django_admin_log_pkey PRIMARY KEY (id);


--
-- Name: django_content_type django_content_type_app_label_model_76bd3d3b_uniq; Type: CONSTRAINT; Schema: public; Owner: kabsueats_user
--

ALTER TABLE ONLY public.django_content_type
    ADD CONSTRAINT django_content_type_app_label_model_76bd3d3b_uniq UNIQUE (app_label, model);


--
-- Name: django_content_type django_content_type_pkey; Type: CONSTRAINT; Schema: public; Owner: kabsueats_user
--

ALTER TABLE ONLY public.django_content_type
    ADD CONSTRAINT django_content_type_pkey PRIMARY KEY (id);


--
-- Name: django_migrations django_migrations_pkey; Type: CONSTRAINT; Schema: public; Owner: kabsueats_user
--

ALTER TABLE ONLY public.django_migrations
    ADD CONSTRAINT django_migrations_pkey PRIMARY KEY (id);


--
-- Name: django_session django_session_pkey; Type: CONSTRAINT; Schema: public; Owner: kabsueats_user
--

ALTER TABLE ONLY public.django_session
    ADD CONSTRAINT django_session_pkey PRIMARY KEY (session_key);


--
-- Name: webapp_amenity webapp_amenity_name_key; Type: CONSTRAINT; Schema: public; Owner: kabsueats_user
--

ALTER TABLE ONLY public.webapp_amenity
    ADD CONSTRAINT webapp_amenity_name_key UNIQUE (name);


--
-- Name: webapp_amenity webapp_amenity_pkey; Type: CONSTRAINT; Schema: public; Owner: kabsueats_user
--

ALTER TABLE ONLY public.webapp_amenity
    ADD CONSTRAINT webapp_amenity_pkey PRIMARY KEY (id);


--
-- Name: webapp_businesshours webapp_businesshours_establishment_id_day_of_week_8a5a2aac_uniq; Type: CONSTRAINT; Schema: public; Owner: kabsueats_user
--

ALTER TABLE ONLY public.webapp_businesshours
    ADD CONSTRAINT webapp_businesshours_establishment_id_day_of_week_8a5a2aac_uniq UNIQUE (establishment_id, day_of_week);


--
-- Name: webapp_businesshours webapp_businesshours_pkey; Type: CONSTRAINT; Schema: public; Owner: kabsueats_user
--

ALTER TABLE ONLY public.webapp_businesshours
    ADD CONSTRAINT webapp_businesshours_pkey PRIMARY KEY (id);


--
-- Name: webapp_cart webapp_cart_pkey; Type: CONSTRAINT; Schema: public; Owner: kabsueats_user
--

ALTER TABLE ONLY public.webapp_cart
    ADD CONSTRAINT webapp_cart_pkey PRIMARY KEY (id);


--
-- Name: webapp_cart webapp_cart_user_id_key; Type: CONSTRAINT; Schema: public; Owner: kabsueats_user
--

ALTER TABLE ONLY public.webapp_cart
    ADD CONSTRAINT webapp_cart_user_id_key UNIQUE (user_id);


--
-- Name: webapp_cartitem webapp_cartitem_cart_id_menu_item_id_dfdd7e21_uniq; Type: CONSTRAINT; Schema: public; Owner: kabsueats_user
--

ALTER TABLE ONLY public.webapp_cartitem
    ADD CONSTRAINT webapp_cartitem_cart_id_menu_item_id_dfdd7e21_uniq UNIQUE (cart_id, menu_item_id);


--
-- Name: webapp_cartitem webapp_cartitem_pkey; Type: CONSTRAINT; Schema: public; Owner: kabsueats_user
--

ALTER TABLE ONLY public.webapp_cartitem
    ADD CONSTRAINT webapp_cartitem_pkey PRIMARY KEY (id);


--
-- Name: webapp_category webapp_category_name_key; Type: CONSTRAINT; Schema: public; Owner: kabsueats_user
--

ALTER TABLE ONLY public.webapp_category
    ADD CONSTRAINT webapp_category_name_key UNIQUE (name);


--
-- Name: webapp_category webapp_category_pkey; Type: CONSTRAINT; Schema: public; Owner: kabsueats_user
--

ALTER TABLE ONLY public.webapp_category
    ADD CONSTRAINT webapp_category_pkey PRIMARY KEY (id);


--
-- Name: webapp_chatroom webapp_chatroom_customer_id_establishment_id_fd0fdfc7_uniq; Type: CONSTRAINT; Schema: public; Owner: kabsueats_user
--

ALTER TABLE ONLY public.webapp_chatroom
    ADD CONSTRAINT webapp_chatroom_customer_id_establishment_id_fd0fdfc7_uniq UNIQUE (customer_id, establishment_id);


--
-- Name: webapp_chatroom webapp_chatroom_pkey; Type: CONSTRAINT; Schema: public; Owner: kabsueats_user
--

ALTER TABLE ONLY public.webapp_chatroom
    ADD CONSTRAINT webapp_chatroom_pkey PRIMARY KEY (id);


--
-- Name: webapp_day webapp_day_pkey; Type: CONSTRAINT; Schema: public; Owner: kabsueats_user
--

ALTER TABLE ONLY public.webapp_day
    ADD CONSTRAINT webapp_day_pkey PRIMARY KEY (id);


--
-- Name: webapp_establishmentcontactlink webapp_establishmentcontactlink_pkey; Type: CONSTRAINT; Schema: public; Owner: kabsueats_user
--

ALTER TABLE ONLY public.webapp_establishmentcontactlink
    ADD CONSTRAINT webapp_establishmentcontactlink_pkey PRIMARY KEY (id);


--
-- Name: webapp_favoriteestablishment webapp_favoriteestablish_user_id_establishment_id_9f470ae4_uniq; Type: CONSTRAINT; Schema: public; Owner: kabsueats_user
--

ALTER TABLE ONLY public.webapp_favoriteestablishment
    ADD CONSTRAINT webapp_favoriteestablish_user_id_establishment_id_9f470ae4_uniq UNIQUE (user_id, establishment_id);


--
-- Name: webapp_favoriteestablishment webapp_favoriteestablishment_pkey; Type: CONSTRAINT; Schema: public; Owner: kabsueats_user
--

ALTER TABLE ONLY public.webapp_favoriteestablishment
    ADD CONSTRAINT webapp_favoriteestablishment_pkey PRIMARY KEY (id);


--
-- Name: webapp_favoritemenuitem webapp_favoritemenuitem_pkey; Type: CONSTRAINT; Schema: public; Owner: kabsueats_user
--

ALTER TABLE ONLY public.webapp_favoritemenuitem
    ADD CONSTRAINT webapp_favoritemenuitem_pkey PRIMARY KEY (id);


--
-- Name: webapp_favoritemenuitem webapp_favoritemenuitem_user_id_menu_item_id_28d89217_uniq; Type: CONSTRAINT; Schema: public; Owner: kabsueats_user
--

ALTER TABLE ONLY public.webapp_favoritemenuitem
    ADD CONSTRAINT webapp_favoritemenuitem_user_id_menu_item_id_28d89217_uniq UNIQUE (user_id, menu_item_id);


--
-- Name: webapp_feature webapp_feature_pkey; Type: CONSTRAINT; Schema: public; Owner: kabsueats_user
--

ALTER TABLE ONLY public.webapp_feature
    ADD CONSTRAINT webapp_feature_pkey PRIMARY KEY (id);


--
-- Name: webapp_foodestablishment_amenities webapp_foodestablishment_amenities_pkey; Type: CONSTRAINT; Schema: public; Owner: kabsueats_user
--

ALTER TABLE ONLY public.webapp_foodestablishment_amenities
    ADD CONSTRAINT webapp_foodestablishment_amenities_pkey PRIMARY KEY (id);


--
-- Name: webapp_foodestablishment_categories webapp_foodestablishment_categories_pkey; Type: CONSTRAINT; Schema: public; Owner: kabsueats_user
--

ALTER TABLE ONLY public.webapp_foodestablishment_categories
    ADD CONSTRAINT webapp_foodestablishment_categories_pkey PRIMARY KEY (id);


--
-- Name: webapp_foodestablishment_amenities webapp_foodestablishment_foodestablishment_id_ame_535e9d4e_uniq; Type: CONSTRAINT; Schema: public; Owner: kabsueats_user
--

ALTER TABLE ONLY public.webapp_foodestablishment_amenities
    ADD CONSTRAINT webapp_foodestablishment_foodestablishment_id_ame_535e9d4e_uniq UNIQUE (foodestablishment_id, amenity_id);


--
-- Name: webapp_foodestablishment_categories webapp_foodestablishment_foodestablishment_id_cat_a1b3dc9a_uniq; Type: CONSTRAINT; Schema: public; Owner: kabsueats_user
--

ALTER TABLE ONLY public.webapp_foodestablishment_categories
    ADD CONSTRAINT webapp_foodestablishment_foodestablishment_id_cat_a1b3dc9a_uniq UNIQUE (foodestablishment_id, category_id);


--
-- Name: webapp_foodestablishment webapp_foodestablishment_pkey; Type: CONSTRAINT; Schema: public; Owner: kabsueats_user
--

ALTER TABLE ONLY public.webapp_foodestablishment
    ADD CONSTRAINT webapp_foodestablishment_pkey PRIMARY KEY (id);


--
-- Name: webapp_invitationcode webapp_invitationcode_code_key; Type: CONSTRAINT; Schema: public; Owner: kabsueats_user
--

ALTER TABLE ONLY public.webapp_invitationcode
    ADD CONSTRAINT webapp_invitationcode_code_key UNIQUE (code);


--
-- Name: webapp_invitationcode webapp_invitationcode_pkey; Type: CONSTRAINT; Schema: public; Owner: kabsueats_user
--

ALTER TABLE ONLY public.webapp_invitationcode
    ADD CONSTRAINT webapp_invitationcode_pkey PRIMARY KEY (id);


--
-- Name: webapp_invitationcode webapp_invitationcode_used_by_id_key; Type: CONSTRAINT; Schema: public; Owner: kabsueats_user
--

ALTER TABLE ONLY public.webapp_invitationcode
    ADD CONSTRAINT webapp_invitationcode_used_by_id_key UNIQUE (used_by_id);


--
-- Name: webapp_menuitem webapp_menuitem_pkey; Type: CONSTRAINT; Schema: public; Owner: kabsueats_user
--

ALTER TABLE ONLY public.webapp_menuitem
    ADD CONSTRAINT webapp_menuitem_pkey PRIMARY KEY (id);


--
-- Name: webapp_message webapp_message_pkey; Type: CONSTRAINT; Schema: public; Owner: kabsueats_user
--

ALTER TABLE ONLY public.webapp_message
    ADD CONSTRAINT webapp_message_pkey PRIMARY KEY (id);


--
-- Name: webapp_order webapp_order_pkey; Type: CONSTRAINT; Schema: public; Owner: kabsueats_user
--

ALTER TABLE ONLY public.webapp_order
    ADD CONSTRAINT webapp_order_pkey PRIMARY KEY (id);


--
-- Name: webapp_orderitem webapp_orderitem_pkey; Type: CONSTRAINT; Schema: public; Owner: kabsueats_user
--

ALTER TABLE ONLY public.webapp_orderitem
    ADD CONSTRAINT webapp_orderitem_pkey PRIMARY KEY (id);


--
-- Name: webapp_ordernotification webapp_ordernotification_pkey; Type: CONSTRAINT; Schema: public; Owner: kabsueats_user
--

ALTER TABLE ONLY public.webapp_ordernotification
    ADD CONSTRAINT webapp_ordernotification_pkey PRIMARY KEY (id);


--
-- Name: webapp_otp webapp_otp_email_key; Type: CONSTRAINT; Schema: public; Owner: kabsueats_user
--

ALTER TABLE ONLY public.webapp_otp
    ADD CONSTRAINT webapp_otp_email_key UNIQUE (email);


--
-- Name: webapp_otp webapp_otp_pkey; Type: CONSTRAINT; Schema: public; Owner: kabsueats_user
--

ALTER TABLE ONLY public.webapp_otp
    ADD CONSTRAINT webapp_otp_pkey PRIMARY KEY (id);


--
-- Name: webapp_review webapp_review_pkey; Type: CONSTRAINT; Schema: public; Owner: kabsueats_user
--

ALTER TABLE ONLY public.webapp_review
    ADD CONSTRAINT webapp_review_pkey PRIMARY KEY (id);


--
-- Name: webapp_review webapp_review_user_id_establishment_id_023a07bf_uniq; Type: CONSTRAINT; Schema: public; Owner: kabsueats_user
--

ALTER TABLE ONLY public.webapp_review
    ADD CONSTRAINT webapp_review_user_id_establishment_id_023a07bf_uniq UNIQUE (user_id, establishment_id);


--
-- Name: webapp_userprofile webapp_userprofile_pkey; Type: CONSTRAINT; Schema: public; Owner: kabsueats_user
--

ALTER TABLE ONLY public.webapp_userprofile
    ADD CONSTRAINT webapp_userprofile_pkey PRIMARY KEY (id);


--
-- Name: webapp_userprofile webapp_userprofile_user_id_key; Type: CONSTRAINT; Schema: public; Owner: kabsueats_user
--

ALTER TABLE ONLY public.webapp_userprofile
    ADD CONSTRAINT webapp_userprofile_user_id_key UNIQUE (user_id);


--
-- Name: auth_group_name_a6ea08ec_like; Type: INDEX; Schema: public; Owner: kabsueats_user
--

CREATE INDEX auth_group_name_a6ea08ec_like ON public.auth_group USING btree (name varchar_pattern_ops);


--
-- Name: auth_group_permissions_group_id_b120cbf9; Type: INDEX; Schema: public; Owner: kabsueats_user
--

CREATE INDEX auth_group_permissions_group_id_b120cbf9 ON public.auth_group_permissions USING btree (group_id);


--
-- Name: auth_group_permissions_permission_id_84c5c92e; Type: INDEX; Schema: public; Owner: kabsueats_user
--

CREATE INDEX auth_group_permissions_permission_id_84c5c92e ON public.auth_group_permissions USING btree (permission_id);


--
-- Name: auth_permission_content_type_id_2f476e4b; Type: INDEX; Schema: public; Owner: kabsueats_user
--

CREATE INDEX auth_permission_content_type_id_2f476e4b ON public.auth_permission USING btree (content_type_id);


--
-- Name: auth_user_groups_group_id_97559544; Type: INDEX; Schema: public; Owner: kabsueats_user
--

CREATE INDEX auth_user_groups_group_id_97559544 ON public.auth_user_groups USING btree (group_id);


--
-- Name: auth_user_groups_user_id_6a12ed8b; Type: INDEX; Schema: public; Owner: kabsueats_user
--

CREATE INDEX auth_user_groups_user_id_6a12ed8b ON public.auth_user_groups USING btree (user_id);


--
-- Name: auth_user_user_permissions_permission_id_1fbb5f2c; Type: INDEX; Schema: public; Owner: kabsueats_user
--

CREATE INDEX auth_user_user_permissions_permission_id_1fbb5f2c ON public.auth_user_user_permissions USING btree (permission_id);


--
-- Name: auth_user_user_permissions_user_id_a95ead1b; Type: INDEX; Schema: public; Owner: kabsueats_user
--

CREATE INDEX auth_user_user_permissions_user_id_a95ead1b ON public.auth_user_user_permissions USING btree (user_id);


--
-- Name: auth_user_username_6821ab7c_like; Type: INDEX; Schema: public; Owner: kabsueats_user
--

CREATE INDEX auth_user_username_6821ab7c_like ON public.auth_user USING btree (username varchar_pattern_ops);


--
-- Name: django_admin_log_content_type_id_c4bce8eb; Type: INDEX; Schema: public; Owner: kabsueats_user
--

CREATE INDEX django_admin_log_content_type_id_c4bce8eb ON public.django_admin_log USING btree (content_type_id);


--
-- Name: django_admin_log_user_id_c564eba6; Type: INDEX; Schema: public; Owner: kabsueats_user
--

CREATE INDEX django_admin_log_user_id_c564eba6 ON public.django_admin_log USING btree (user_id);


--
-- Name: django_session_expire_date_a5c62663; Type: INDEX; Schema: public; Owner: kabsueats_user
--

CREATE INDEX django_session_expire_date_a5c62663 ON public.django_session USING btree (expire_date);


--
-- Name: django_session_session_key_c0390e0f_like; Type: INDEX; Schema: public; Owner: kabsueats_user
--

CREATE INDEX django_session_session_key_c0390e0f_like ON public.django_session USING btree (session_key varchar_pattern_ops);


--
-- Name: webapp_amenity_name_696f1b8e_like; Type: INDEX; Schema: public; Owner: kabsueats_user
--

CREATE INDEX webapp_amenity_name_696f1b8e_like ON public.webapp_amenity USING btree (name varchar_pattern_ops);


--
-- Name: webapp_businesshours_establishment_id_358e1844; Type: INDEX; Schema: public; Owner: kabsueats_user
--

CREATE INDEX webapp_businesshours_establishment_id_358e1844 ON public.webapp_businesshours USING btree (establishment_id);


--
-- Name: webapp_cartitem_cart_id_6c9f150d; Type: INDEX; Schema: public; Owner: kabsueats_user
--

CREATE INDEX webapp_cartitem_cart_id_6c9f150d ON public.webapp_cartitem USING btree (cart_id);


--
-- Name: webapp_cartitem_menu_item_id_67295b49; Type: INDEX; Schema: public; Owner: kabsueats_user
--

CREATE INDEX webapp_cartitem_menu_item_id_67295b49 ON public.webapp_cartitem USING btree (menu_item_id);


--
-- Name: webapp_category_name_7a5312f1_like; Type: INDEX; Schema: public; Owner: kabsueats_user
--

CREATE INDEX webapp_category_name_7a5312f1_like ON public.webapp_category USING btree (name varchar_pattern_ops);


--
-- Name: webapp_chatroom_customer_id_04f8dde5; Type: INDEX; Schema: public; Owner: kabsueats_user
--

CREATE INDEX webapp_chatroom_customer_id_04f8dde5 ON public.webapp_chatroom USING btree (customer_id);


--
-- Name: webapp_chatroom_establishment_id_a44ec7ad; Type: INDEX; Schema: public; Owner: kabsueats_user
--

CREATE INDEX webapp_chatroom_establishment_id_a44ec7ad ON public.webapp_chatroom USING btree (establishment_id);


--
-- Name: webapp_establishmentcontactlink_establishment_id_4dac8a53; Type: INDEX; Schema: public; Owner: kabsueats_user
--

CREATE INDEX webapp_establishmentcontactlink_establishment_id_4dac8a53 ON public.webapp_establishmentcontactlink USING btree (establishment_id);


--
-- Name: webapp_favoriteestablishment_establishment_id_949fe7ce; Type: INDEX; Schema: public; Owner: kabsueats_user
--

CREATE INDEX webapp_favoriteestablishment_establishment_id_949fe7ce ON public.webapp_favoriteestablishment USING btree (establishment_id);


--
-- Name: webapp_favoriteestablishment_user_id_deedc2ae; Type: INDEX; Schema: public; Owner: kabsueats_user
--

CREATE INDEX webapp_favoriteestablishment_user_id_deedc2ae ON public.webapp_favoriteestablishment USING btree (user_id);


--
-- Name: webapp_favoritemenuitem_menu_item_id_be1913a6; Type: INDEX; Schema: public; Owner: kabsueats_user
--

CREATE INDEX webapp_favoritemenuitem_menu_item_id_be1913a6 ON public.webapp_favoritemenuitem USING btree (menu_item_id);


--
-- Name: webapp_favoritemenuitem_user_id_c2bec86c; Type: INDEX; Schema: public; Owner: kabsueats_user
--

CREATE INDEX webapp_favoritemenuitem_user_id_c2bec86c ON public.webapp_favoritemenuitem USING btree (user_id);


--
-- Name: webapp_foodestablishment_a_foodestablishment_id_5e68169b; Type: INDEX; Schema: public; Owner: kabsueats_user
--

CREATE INDEX webapp_foodestablishment_a_foodestablishment_id_5e68169b ON public.webapp_foodestablishment_amenities USING btree (foodestablishment_id);


--
-- Name: webapp_foodestablishment_amenities_amenity_id_898b1175; Type: INDEX; Schema: public; Owner: kabsueats_user
--

CREATE INDEX webapp_foodestablishment_amenities_amenity_id_898b1175 ON public.webapp_foodestablishment_amenities USING btree (amenity_id);


--
-- Name: webapp_foodestablishment_c_foodestablishment_id_a0bf23aa; Type: INDEX; Schema: public; Owner: kabsueats_user
--

CREATE INDEX webapp_foodestablishment_c_foodestablishment_id_a0bf23aa ON public.webapp_foodestablishment_categories USING btree (foodestablishment_id);


--
-- Name: webapp_foodestablishment_categories_category_id_f7b61cae; Type: INDEX; Schema: public; Owner: kabsueats_user
--

CREATE INDEX webapp_foodestablishment_categories_category_id_f7b61cae ON public.webapp_foodestablishment_categories USING btree (category_id);


--
-- Name: webapp_foodestablishment_owner_id_b31feffd; Type: INDEX; Schema: public; Owner: kabsueats_user
--

CREATE INDEX webapp_foodestablishment_owner_id_b31feffd ON public.webapp_foodestablishment USING btree (owner_id);


--
-- Name: webapp_invitationcode_code_6cd70cff_like; Type: INDEX; Schema: public; Owner: kabsueats_user
--

CREATE INDEX webapp_invitationcode_code_6cd70cff_like ON public.webapp_invitationcode USING btree (code varchar_pattern_ops);


--
-- Name: webapp_menuitem_food_establishment_id_1c2a3a19; Type: INDEX; Schema: public; Owner: kabsueats_user
--

CREATE INDEX webapp_menuitem_food_establishment_id_1c2a3a19 ON public.webapp_menuitem USING btree (food_establishment_id);


--
-- Name: webapp_message_chat_room_id_fc0222ae; Type: INDEX; Schema: public; Owner: kabsueats_user
--

CREATE INDEX webapp_message_chat_room_id_fc0222ae ON public.webapp_message USING btree (chat_room_id);


--
-- Name: webapp_message_sender_id_854996bb; Type: INDEX; Schema: public; Owner: kabsueats_user
--

CREATE INDEX webapp_message_sender_id_854996bb ON public.webapp_message USING btree (sender_id);


--
-- Name: webapp_orde_establi_ed92e2_idx; Type: INDEX; Schema: public; Owner: kabsueats_user
--

CREATE INDEX webapp_orde_establi_ed92e2_idx ON public.webapp_ordernotification USING btree (establishment_id, created_at DESC);


--
-- Name: webapp_orde_is_read_2bc5ff_idx; Type: INDEX; Schema: public; Owner: kabsueats_user
--

CREATE INDEX webapp_orde_is_read_2bc5ff_idx ON public.webapp_ordernotification USING btree (is_read, created_at DESC);


--
-- Name: webapp_order_establishment_id_903001b6; Type: INDEX; Schema: public; Owner: kabsueats_user
--

CREATE INDEX webapp_order_establishment_id_903001b6 ON public.webapp_order USING btree (establishment_id);


--
-- Name: webapp_order_user_id_56004d28; Type: INDEX; Schema: public; Owner: kabsueats_user
--

CREATE INDEX webapp_order_user_id_56004d28 ON public.webapp_order USING btree (user_id);


--
-- Name: webapp_orderitem_menu_item_id_57ae0f03; Type: INDEX; Schema: public; Owner: kabsueats_user
--

CREATE INDEX webapp_orderitem_menu_item_id_57ae0f03 ON public.webapp_orderitem USING btree (menu_item_id);


--
-- Name: webapp_orderitem_order_id_b551f6ec; Type: INDEX; Schema: public; Owner: kabsueats_user
--

CREATE INDEX webapp_orderitem_order_id_b551f6ec ON public.webapp_orderitem USING btree (order_id);


--
-- Name: webapp_ordernotification_establishment_id_b7ffc2cb; Type: INDEX; Schema: public; Owner: kabsueats_user
--

CREATE INDEX webapp_ordernotification_establishment_id_b7ffc2cb ON public.webapp_ordernotification USING btree (establishment_id);


--
-- Name: webapp_ordernotification_order_id_f80437e3; Type: INDEX; Schema: public; Owner: kabsueats_user
--

CREATE INDEX webapp_ordernotification_order_id_f80437e3 ON public.webapp_ordernotification USING btree (order_id);


--
-- Name: webapp_otp_email_2f08007f_like; Type: INDEX; Schema: public; Owner: kabsueats_user
--

CREATE INDEX webapp_otp_email_2f08007f_like ON public.webapp_otp USING btree (email varchar_pattern_ops);


--
-- Name: webapp_review_establishment_id_c122fc7e; Type: INDEX; Schema: public; Owner: kabsueats_user
--

CREATE INDEX webapp_review_establishment_id_c122fc7e ON public.webapp_review USING btree (establishment_id);


--
-- Name: webapp_review_user_id_15622d04; Type: INDEX; Schema: public; Owner: kabsueats_user
--

CREATE INDEX webapp_review_user_id_15622d04 ON public.webapp_review USING btree (user_id);


--
-- Name: auth_group_permissions auth_group_permissio_permission_id_84c5c92e_fk_auth_perm; Type: FK CONSTRAINT; Schema: public; Owner: kabsueats_user
--

ALTER TABLE ONLY public.auth_group_permissions
    ADD CONSTRAINT auth_group_permissio_permission_id_84c5c92e_fk_auth_perm FOREIGN KEY (permission_id) REFERENCES public.auth_permission(id) DEFERRABLE INITIALLY DEFERRED;


--
-- Name: auth_group_permissions auth_group_permissions_group_id_b120cbf9_fk_auth_group_id; Type: FK CONSTRAINT; Schema: public; Owner: kabsueats_user
--

ALTER TABLE ONLY public.auth_group_permissions
    ADD CONSTRAINT auth_group_permissions_group_id_b120cbf9_fk_auth_group_id FOREIGN KEY (group_id) REFERENCES public.auth_group(id) DEFERRABLE INITIALLY DEFERRED;


--
-- Name: auth_permission auth_permission_content_type_id_2f476e4b_fk_django_co; Type: FK CONSTRAINT; Schema: public; Owner: kabsueats_user
--

ALTER TABLE ONLY public.auth_permission
    ADD CONSTRAINT auth_permission_content_type_id_2f476e4b_fk_django_co FOREIGN KEY (content_type_id) REFERENCES public.django_content_type(id) DEFERRABLE INITIALLY DEFERRED;


--
-- Name: auth_user_groups auth_user_groups_group_id_97559544_fk_auth_group_id; Type: FK CONSTRAINT; Schema: public; Owner: kabsueats_user
--

ALTER TABLE ONLY public.auth_user_groups
    ADD CONSTRAINT auth_user_groups_group_id_97559544_fk_auth_group_id FOREIGN KEY (group_id) REFERENCES public.auth_group(id) DEFERRABLE INITIALLY DEFERRED;


--
-- Name: auth_user_groups auth_user_groups_user_id_6a12ed8b_fk_auth_user_id; Type: FK CONSTRAINT; Schema: public; Owner: kabsueats_user
--

ALTER TABLE ONLY public.auth_user_groups
    ADD CONSTRAINT auth_user_groups_user_id_6a12ed8b_fk_auth_user_id FOREIGN KEY (user_id) REFERENCES public.auth_user(id) DEFERRABLE INITIALLY DEFERRED;


--
-- Name: auth_user_user_permissions auth_user_user_permi_permission_id_1fbb5f2c_fk_auth_perm; Type: FK CONSTRAINT; Schema: public; Owner: kabsueats_user
--

ALTER TABLE ONLY public.auth_user_user_permissions
    ADD CONSTRAINT auth_user_user_permi_permission_id_1fbb5f2c_fk_auth_perm FOREIGN KEY (permission_id) REFERENCES public.auth_permission(id) DEFERRABLE INITIALLY DEFERRED;


--
-- Name: auth_user_user_permissions auth_user_user_permissions_user_id_a95ead1b_fk_auth_user_id; Type: FK CONSTRAINT; Schema: public; Owner: kabsueats_user
--

ALTER TABLE ONLY public.auth_user_user_permissions
    ADD CONSTRAINT auth_user_user_permissions_user_id_a95ead1b_fk_auth_user_id FOREIGN KEY (user_id) REFERENCES public.auth_user(id) DEFERRABLE INITIALLY DEFERRED;


--
-- Name: django_admin_log django_admin_log_content_type_id_c4bce8eb_fk_django_co; Type: FK CONSTRAINT; Schema: public; Owner: kabsueats_user
--

ALTER TABLE ONLY public.django_admin_log
    ADD CONSTRAINT django_admin_log_content_type_id_c4bce8eb_fk_django_co FOREIGN KEY (content_type_id) REFERENCES public.django_content_type(id) DEFERRABLE INITIALLY DEFERRED;


--
-- Name: django_admin_log django_admin_log_user_id_c564eba6_fk_auth_user_id; Type: FK CONSTRAINT; Schema: public; Owner: kabsueats_user
--

ALTER TABLE ONLY public.django_admin_log
    ADD CONSTRAINT django_admin_log_user_id_c564eba6_fk_auth_user_id FOREIGN KEY (user_id) REFERENCES public.auth_user(id) DEFERRABLE INITIALLY DEFERRED;


--
-- Name: webapp_businesshours webapp_businesshours_establishment_id_358e1844_fk_webapp_fo; Type: FK CONSTRAINT; Schema: public; Owner: kabsueats_user
--

ALTER TABLE ONLY public.webapp_businesshours
    ADD CONSTRAINT webapp_businesshours_establishment_id_358e1844_fk_webapp_fo FOREIGN KEY (establishment_id) REFERENCES public.webapp_foodestablishment(id) DEFERRABLE INITIALLY DEFERRED;


--
-- Name: webapp_cart webapp_cart_user_id_15e52b2b_fk_auth_user_id; Type: FK CONSTRAINT; Schema: public; Owner: kabsueats_user
--

ALTER TABLE ONLY public.webapp_cart
    ADD CONSTRAINT webapp_cart_user_id_15e52b2b_fk_auth_user_id FOREIGN KEY (user_id) REFERENCES public.auth_user(id) DEFERRABLE INITIALLY DEFERRED;


--
-- Name: webapp_cartitem webapp_cartitem_cart_id_6c9f150d_fk_webapp_cart_id; Type: FK CONSTRAINT; Schema: public; Owner: kabsueats_user
--

ALTER TABLE ONLY public.webapp_cartitem
    ADD CONSTRAINT webapp_cartitem_cart_id_6c9f150d_fk_webapp_cart_id FOREIGN KEY (cart_id) REFERENCES public.webapp_cart(id) DEFERRABLE INITIALLY DEFERRED;


--
-- Name: webapp_cartitem webapp_cartitem_menu_item_id_67295b49_fk_webapp_menuitem_id; Type: FK CONSTRAINT; Schema: public; Owner: kabsueats_user
--

ALTER TABLE ONLY public.webapp_cartitem
    ADD CONSTRAINT webapp_cartitem_menu_item_id_67295b49_fk_webapp_menuitem_id FOREIGN KEY (menu_item_id) REFERENCES public.webapp_menuitem(id) DEFERRABLE INITIALLY DEFERRED;


--
-- Name: webapp_chatroom webapp_chatroom_customer_id_04f8dde5_fk_auth_user_id; Type: FK CONSTRAINT; Schema: public; Owner: kabsueats_user
--

ALTER TABLE ONLY public.webapp_chatroom
    ADD CONSTRAINT webapp_chatroom_customer_id_04f8dde5_fk_auth_user_id FOREIGN KEY (customer_id) REFERENCES public.auth_user(id) DEFERRABLE INITIALLY DEFERRED;


--
-- Name: webapp_chatroom webapp_chatroom_establishment_id_a44ec7ad_fk_webapp_fo; Type: FK CONSTRAINT; Schema: public; Owner: kabsueats_user
--

ALTER TABLE ONLY public.webapp_chatroom
    ADD CONSTRAINT webapp_chatroom_establishment_id_a44ec7ad_fk_webapp_fo FOREIGN KEY (establishment_id) REFERENCES public.webapp_foodestablishment(id) DEFERRABLE INITIALLY DEFERRED;


--
-- Name: webapp_establishmentcontactlink webapp_establishment_establishment_id_4dac8a53_fk_webapp_fo; Type: FK CONSTRAINT; Schema: public; Owner: kabsueats_user
--

ALTER TABLE ONLY public.webapp_establishmentcontactlink
    ADD CONSTRAINT webapp_establishment_establishment_id_4dac8a53_fk_webapp_fo FOREIGN KEY (establishment_id) REFERENCES public.webapp_foodestablishment(id) DEFERRABLE INITIALLY DEFERRED;


--
-- Name: webapp_favoriteestablishment webapp_favoriteestab_establishment_id_949fe7ce_fk_webapp_fo; Type: FK CONSTRAINT; Schema: public; Owner: kabsueats_user
--

ALTER TABLE ONLY public.webapp_favoriteestablishment
    ADD CONSTRAINT webapp_favoriteestab_establishment_id_949fe7ce_fk_webapp_fo FOREIGN KEY (establishment_id) REFERENCES public.webapp_foodestablishment(id) DEFERRABLE INITIALLY DEFERRED;


--
-- Name: webapp_favoriteestablishment webapp_favoriteestablishment_user_id_deedc2ae_fk_auth_user_id; Type: FK CONSTRAINT; Schema: public; Owner: kabsueats_user
--

ALTER TABLE ONLY public.webapp_favoriteestablishment
    ADD CONSTRAINT webapp_favoriteestablishment_user_id_deedc2ae_fk_auth_user_id FOREIGN KEY (user_id) REFERENCES public.auth_user(id) DEFERRABLE INITIALLY DEFERRED;


--
-- Name: webapp_favoritemenuitem webapp_favoritemenui_menu_item_id_be1913a6_fk_webapp_me; Type: FK CONSTRAINT; Schema: public; Owner: kabsueats_user
--

ALTER TABLE ONLY public.webapp_favoritemenuitem
    ADD CONSTRAINT webapp_favoritemenui_menu_item_id_be1913a6_fk_webapp_me FOREIGN KEY (menu_item_id) REFERENCES public.webapp_menuitem(id) DEFERRABLE INITIALLY DEFERRED;


--
-- Name: webapp_favoritemenuitem webapp_favoritemenuitem_user_id_c2bec86c_fk_auth_user_id; Type: FK CONSTRAINT; Schema: public; Owner: kabsueats_user
--

ALTER TABLE ONLY public.webapp_favoritemenuitem
    ADD CONSTRAINT webapp_favoritemenuitem_user_id_c2bec86c_fk_auth_user_id FOREIGN KEY (user_id) REFERENCES public.auth_user(id) DEFERRABLE INITIALLY DEFERRED;


--
-- Name: webapp_foodestablishment_amenities webapp_foodestablish_amenity_id_898b1175_fk_webapp_am; Type: FK CONSTRAINT; Schema: public; Owner: kabsueats_user
--

ALTER TABLE ONLY public.webapp_foodestablishment_amenities
    ADD CONSTRAINT webapp_foodestablish_amenity_id_898b1175_fk_webapp_am FOREIGN KEY (amenity_id) REFERENCES public.webapp_amenity(id) DEFERRABLE INITIALLY DEFERRED;


--
-- Name: webapp_foodestablishment_categories webapp_foodestablish_category_id_f7b61cae_fk_webapp_ca; Type: FK CONSTRAINT; Schema: public; Owner: kabsueats_user
--

ALTER TABLE ONLY public.webapp_foodestablishment_categories
    ADD CONSTRAINT webapp_foodestablish_category_id_f7b61cae_fk_webapp_ca FOREIGN KEY (category_id) REFERENCES public.webapp_category(id) DEFERRABLE INITIALLY DEFERRED;


--
-- Name: webapp_foodestablishment_amenities webapp_foodestablish_foodestablishment_id_5e68169b_fk_webapp_fo; Type: FK CONSTRAINT; Schema: public; Owner: kabsueats_user
--

ALTER TABLE ONLY public.webapp_foodestablishment_amenities
    ADD CONSTRAINT webapp_foodestablish_foodestablishment_id_5e68169b_fk_webapp_fo FOREIGN KEY (foodestablishment_id) REFERENCES public.webapp_foodestablishment(id) DEFERRABLE INITIALLY DEFERRED;


--
-- Name: webapp_foodestablishment_categories webapp_foodestablish_foodestablishment_id_a0bf23aa_fk_webapp_fo; Type: FK CONSTRAINT; Schema: public; Owner: kabsueats_user
--

ALTER TABLE ONLY public.webapp_foodestablishment_categories
    ADD CONSTRAINT webapp_foodestablish_foodestablishment_id_a0bf23aa_fk_webapp_fo FOREIGN KEY (foodestablishment_id) REFERENCES public.webapp_foodestablishment(id) DEFERRABLE INITIALLY DEFERRED;


--
-- Name: webapp_foodestablishment webapp_foodestablishment_owner_id_b31feffd_fk_auth_user_id; Type: FK CONSTRAINT; Schema: public; Owner: kabsueats_user
--

ALTER TABLE ONLY public.webapp_foodestablishment
    ADD CONSTRAINT webapp_foodestablishment_owner_id_b31feffd_fk_auth_user_id FOREIGN KEY (owner_id) REFERENCES public.auth_user(id) DEFERRABLE INITIALLY DEFERRED;


--
-- Name: webapp_invitationcode webapp_invitationcod_used_by_id_bc864900_fk_webapp_fo; Type: FK CONSTRAINT; Schema: public; Owner: kabsueats_user
--

ALTER TABLE ONLY public.webapp_invitationcode
    ADD CONSTRAINT webapp_invitationcod_used_by_id_bc864900_fk_webapp_fo FOREIGN KEY (used_by_id) REFERENCES public.webapp_foodestablishment(id) DEFERRABLE INITIALLY DEFERRED;


--
-- Name: webapp_menuitem webapp_menuitem_food_establishment_i_1c2a3a19_fk_webapp_fo; Type: FK CONSTRAINT; Schema: public; Owner: kabsueats_user
--

ALTER TABLE ONLY public.webapp_menuitem
    ADD CONSTRAINT webapp_menuitem_food_establishment_i_1c2a3a19_fk_webapp_fo FOREIGN KEY (food_establishment_id) REFERENCES public.webapp_foodestablishment(id) DEFERRABLE INITIALLY DEFERRED;


--
-- Name: webapp_message webapp_message_chat_room_id_fc0222ae_fk_webapp_chatroom_id; Type: FK CONSTRAINT; Schema: public; Owner: kabsueats_user
--

ALTER TABLE ONLY public.webapp_message
    ADD CONSTRAINT webapp_message_chat_room_id_fc0222ae_fk_webapp_chatroom_id FOREIGN KEY (chat_room_id) REFERENCES public.webapp_chatroom(id) DEFERRABLE INITIALLY DEFERRED;


--
-- Name: webapp_message webapp_message_sender_id_854996bb_fk_auth_user_id; Type: FK CONSTRAINT; Schema: public; Owner: kabsueats_user
--

ALTER TABLE ONLY public.webapp_message
    ADD CONSTRAINT webapp_message_sender_id_854996bb_fk_auth_user_id FOREIGN KEY (sender_id) REFERENCES public.auth_user(id) DEFERRABLE INITIALLY DEFERRED;


--
-- Name: webapp_order webapp_order_establishment_id_903001b6_fk_webapp_fo; Type: FK CONSTRAINT; Schema: public; Owner: kabsueats_user
--

ALTER TABLE ONLY public.webapp_order
    ADD CONSTRAINT webapp_order_establishment_id_903001b6_fk_webapp_fo FOREIGN KEY (establishment_id) REFERENCES public.webapp_foodestablishment(id) DEFERRABLE INITIALLY DEFERRED;


--
-- Name: webapp_order webapp_order_user_id_56004d28_fk_auth_user_id; Type: FK CONSTRAINT; Schema: public; Owner: kabsueats_user
--

ALTER TABLE ONLY public.webapp_order
    ADD CONSTRAINT webapp_order_user_id_56004d28_fk_auth_user_id FOREIGN KEY (user_id) REFERENCES public.auth_user(id) DEFERRABLE INITIALLY DEFERRED;


--
-- Name: webapp_orderitem webapp_orderitem_menu_item_id_57ae0f03_fk_webapp_menuitem_id; Type: FK CONSTRAINT; Schema: public; Owner: kabsueats_user
--

ALTER TABLE ONLY public.webapp_orderitem
    ADD CONSTRAINT webapp_orderitem_menu_item_id_57ae0f03_fk_webapp_menuitem_id FOREIGN KEY (menu_item_id) REFERENCES public.webapp_menuitem(id) DEFERRABLE INITIALLY DEFERRED;


--
-- Name: webapp_orderitem webapp_orderitem_order_id_b551f6ec_fk_webapp_order_id; Type: FK CONSTRAINT; Schema: public; Owner: kabsueats_user
--

ALTER TABLE ONLY public.webapp_orderitem
    ADD CONSTRAINT webapp_orderitem_order_id_b551f6ec_fk_webapp_order_id FOREIGN KEY (order_id) REFERENCES public.webapp_order(id) DEFERRABLE INITIALLY DEFERRED;


--
-- Name: webapp_ordernotification webapp_ordernotifica_establishment_id_b7ffc2cb_fk_webapp_fo; Type: FK CONSTRAINT; Schema: public; Owner: kabsueats_user
--

ALTER TABLE ONLY public.webapp_ordernotification
    ADD CONSTRAINT webapp_ordernotifica_establishment_id_b7ffc2cb_fk_webapp_fo FOREIGN KEY (establishment_id) REFERENCES public.webapp_foodestablishment(id) DEFERRABLE INITIALLY DEFERRED;


--
-- Name: webapp_ordernotification webapp_ordernotification_order_id_f80437e3_fk_webapp_order_id; Type: FK CONSTRAINT; Schema: public; Owner: kabsueats_user
--

ALTER TABLE ONLY public.webapp_ordernotification
    ADD CONSTRAINT webapp_ordernotification_order_id_f80437e3_fk_webapp_order_id FOREIGN KEY (order_id) REFERENCES public.webapp_order(id) DEFERRABLE INITIALLY DEFERRED;


--
-- Name: webapp_review webapp_review_establishment_id_c122fc7e_fk_webapp_fo; Type: FK CONSTRAINT; Schema: public; Owner: kabsueats_user
--

ALTER TABLE ONLY public.webapp_review
    ADD CONSTRAINT webapp_review_establishment_id_c122fc7e_fk_webapp_fo FOREIGN KEY (establishment_id) REFERENCES public.webapp_foodestablishment(id) DEFERRABLE INITIALLY DEFERRED;


--
-- Name: webapp_review webapp_review_user_id_15622d04_fk_auth_user_id; Type: FK CONSTRAINT; Schema: public; Owner: kabsueats_user
--

ALTER TABLE ONLY public.webapp_review
    ADD CONSTRAINT webapp_review_user_id_15622d04_fk_auth_user_id FOREIGN KEY (user_id) REFERENCES public.auth_user(id) DEFERRABLE INITIALLY DEFERRED;


--
-- Name: webapp_userprofile webapp_userprofile_user_id_052c96be_fk_auth_user_id; Type: FK CONSTRAINT; Schema: public; Owner: kabsueats_user
--

ALTER TABLE ONLY public.webapp_userprofile
    ADD CONSTRAINT webapp_userprofile_user_id_052c96be_fk_auth_user_id FOREIGN KEY (user_id) REFERENCES public.auth_user(id) DEFERRABLE INITIALLY DEFERRED;


--
-- Name: DEFAULT PRIVILEGES FOR SEQUENCES; Type: DEFAULT ACL; Schema: -; Owner: postgres
--

ALTER DEFAULT PRIVILEGES FOR ROLE postgres GRANT ALL ON SEQUENCES TO kabsueats_user;


--
-- Name: DEFAULT PRIVILEGES FOR TYPES; Type: DEFAULT ACL; Schema: -; Owner: postgres
--

ALTER DEFAULT PRIVILEGES FOR ROLE postgres GRANT ALL ON TYPES TO kabsueats_user;


--
-- Name: DEFAULT PRIVILEGES FOR FUNCTIONS; Type: DEFAULT ACL; Schema: -; Owner: postgres
--

ALTER DEFAULT PRIVILEGES FOR ROLE postgres GRANT ALL ON FUNCTIONS TO kabsueats_user;


--
-- Name: DEFAULT PRIVILEGES FOR TABLES; Type: DEFAULT ACL; Schema: -; Owner: postgres
--

ALTER DEFAULT PRIVILEGES FOR ROLE postgres GRANT ALL ON TABLES TO kabsueats_user;


--
-- PostgreSQL database dump complete
--

\unrestrict 5vdgKTE0z9XMAEg91JFTVjGsJPdmaTVLX1TmNamdYshBR5u07dGahH1z2zH417w

